PollEndDate,Pollster,LNP,ALP,GRN,PUP,FFP,DEM,PHON,OTH
29/01/15,Galaxy,36,43,11,3,#N/A,#N/A,#N/A,7
27/01/15,ReachTEL,39.5,40.2,11.3,2.9,#N/A,#N/A,#N/A,5.9
27/01/15,Morgan Multi,37.5,39.5,12,3,#N/A,#N/A,#N/A,8
12/01/15,Essential,38,40,10,2,#N/A,#N/A,#N/A,9
11/01/15,Morgan Multi,38.5,38.5,9.5,2,#N/A,#N/A,#N/A,11.5
15/12/14,Essential,40,38,10,2,#N/A,#N/A,#N/A,10
14/12/14,Morgan Multi,35,41,11.5,2,#N/A,#N/A,#N/A,10.5
8/12/14,Essential,39,39,10,2,#N/A,#N/A,#N/A,10
2/12/14,Essential,40,40,9,3,#N/A,#N/A,#N/A,8
30/11/14,Morgan Multi,39,37.5,12,2,#N/A,#N/A,#N/A,9.5
25/11/14,Essential,40,39,10,3,#N/A,#N/A,#N/A,8
16/11/14,Newspoll,36,39,11,#N/A,#N/A,#N/A,#N/A,14
16/11/14,Morgan Multi,38,38.5,12,2.5,#N/A,#N/A,#N/A,9
10/11/14,Essential,40,38,10,4,#N/A,#N/A,#N/A,9
3/11/14,Essential,40,38,10,4,#N/A,#N/A,#N/A,8
2/11/14,Newspoll,38,36,13,#N/A,#N/A,#N/A,#N/A,13
2/11/14,Morgan Multi,38.5,37.5,12.5,3,#N/A,#N/A,#N/A,8.5
1/11/14,Ipsos,42,37,12,3,#N/A,#N/A,#N/A,6
27/10/14,Essential,39,39,9,4,#N/A,#N/A,#N/A,8
20/10/14,Essential,40,39,10,3,#N/A,#N/A,#N/A,8
23/10/14,ReachTEL,40.1,37.5,11.5,5.1,#N/A,#N/A,#N/A,5.8
19/10/14,Newspoll,38,34,14,#N/A,#N/A,#N/A,#N/A,14
13/10/14,Essential,41,39,10,3,#N/A,#N/A,#N/A,7
6/10/14,Essential,40,39,10,4,#N/A,#N/A,#N/A,7
5/10/14,Morgan Multi,40,35,12,3.5,#N/A,#N/A,#N/A,9.5
2/10/14,Galaxy,42,36,12,4,#N/A,#N/A,#N/A,6
29/09/14,Essential,40,39,10,4,#N/A,#N/A,#N/A,8
22/09/14,Essential,39,39,10,4,#N/A,#N/A,#N/A,8
21/09/14,Newspoll,41,34,11,#N/A,#N/A,#N/A,#N/A,14
18/09/14,ReachTEL,41.6,37.4,10.5,5.3,#N/A,#N/A,#N/A,5.2
8/09/14,Essential,39,38,11,4,#N/A,#N/A,#N/A,9
7/09/14,Newspoll,39,35,14,#N/A,#N/A,#N/A,#N/A,12
1/09/14,Essential,40,38,9,5,#N/A,#N/A,#N/A,8
25/08/14,Essential,39,37,10,6,#N/A,#N/A,#N/A,8
24/08/14,Newspoll,40,34,11,#N/A,#N/A,#N/A,#N/A,15
24/08/14,Morgan Multi,37.5,38.5,10.5,4.5,#N/A,#N/A,#N/A,9
21/08/14,ReachTEL,41.2,37.3,9.8,6.7,#N/A,#N/A,#N/A,4.9
18/08/14,Essential,40,38,9,6,#N/A,#N/A,#N/A,7
10/08/14,Newspoll,40,34,11,#N/A,#N/A,#N/A,#N/A,15
28/07/14,Essential,41,39,9,4,#N/A,#N/A,#N/A,7
27/07/14,Morgan Multi,38,39,10.5,5,#N/A,#N/A,#N/A,7.5
27/07/14,Newspoll,36,36,12,#N/A,#N/A,#N/A,#N/A,16
25/07/14,Galaxy,39,37,11,7,#N/A,#N/A,#N/A,6
21/07/14,Essential,39,39,9,6,#N/A,#N/A,#N/A,7
20/07/14,Nielsen,39,40,12,5,#N/A,#N/A,#N/A,4
14/07/14,Essential,38,40,9,6,#N/A,#N/A,#N/A,7
13/07/14,Newspoll,36,37,11,#N/A,#N/A,#N/A,#N/A,16
7/07/14,Essential,39,40,9,6,#N/A,#N/A,#N/A,7
29/06/14,Morgan Multi,35,36.5,12,7,#N/A,#N/A,#N/A,9.5
27/06/14,Newspoll,35,37,13,#N/A,#N/A,#N/A,#N/A,15
26/06/14,ReachTEL,39.6,38.7,10.3,6.8,#N/A,#N/A,#N/A,4.7
30/06/14,Essential,40,38,9,6,#N/A,#N/A,#N/A,7
22/06/14,Essential,40,38,9,5,#N/A,#N/A,#N/A,7
21/06/14,Nielsen,39,37,13,5,#N/A,#N/A,#N/A,6
16/06/14,Essential,39,41,9,5,#N/A,#N/A,#N/A,7
15/06/14,Morgan Multi,36.5,38,12,5.5,#N/A,#N/A,#N/A,8
15/06/14,Newspoll,37,36,10,#N/A,#N/A,#N/A,#N/A,17
9/06/14,Essential,37,40,9,6,#N/A,#N/A,#N/A,8
2/06/14,Essential,38,39,10,6,#N/A,#N/A,#N/A,7
29/05/14,Newspoll,36,37,12,#N/A,#N/A,#N/A,#N/A,15
1/06/14,Morgan Multi,35,38,11,7.5,#N/A,#N/A,#N/A,8.5
26/05/14,Essential,39,40,9,5,#N/A,#N/A,#N/A,7
19/05/14,Essential,40,40,8,5,#N/A,#N/A,#N/A,7
17/05/14,Newspoll,36,38,11,#N/A,#N/A,#N/A,#N/A,15
17/05/14,Nielsen,35,40,14,6,#N/A,#N/A,#N/A,6
17/05/14,Galaxy,38,38,10,8,#N/A,#N/A,#N/A,6
12/05/14,Essential,40,39,9,5,#N/A,#N/A,#N/A,8
10/05/14,ReachTEL,37.8,39.8,10.5,7,#N/A,#N/A,#N/A,4.9
6/05/14,Essential,40,38,10,5,#N/A,#N/A,#N/A,8
4/05/14,Morgan Multi,37.5,37,12,5.5,#N/A,#N/A,#N/A,8
4/05/14,Newspoll,38,34,14,#N/A,#N/A,#N/A,#N/A,14
3/05/14,ReachTEL,38.9,39.6,11.2,6,#N/A,#N/A,#N/A,4.3
1/05/14,Galaxy,39,37,11,6,#N/A,#N/A,#N/A,7
29/04/14,Essential,40,38,10,5,#N/A,#N/A,#N/A,6
22/04/14,Essential,41,37,11,5,#N/A,#N/A,#N/A,6
20/04/14,Morgan Multi,38.5,34,13,5,#N/A,#N/A,#N/A,9.5
15/04/14,Essential,42,37,10,4,#N/A,#N/A,#N/A,7
12/04/14,Nielsen,40,34,17,4,#N/A,#N/A,#N/A,5
8/04/14,Essential,42,38,9,3,#N/A,#N/A,#N/A,8
8/04/14,Newspoll,43,34,11,#N/A,#N/A,#N/A,#N/A,12
6/04/14,Morgan Multi,38.5,34.5,12,5,#N/A,#N/A,#N/A,10
1/04/14,Essential,42,39,9,3,#N/A,#N/A,#N/A,7
31/03/14,Newspoll,40,36,12,#N/A,#N/A,#N/A,#N/A,12
30/03/14,Galaxy,43,37,10,4,#N/A,#N/A,#N/A,6
27/03/14,ReachTEL,40.7,39.2,9.4,4.4,#N/A,#N/A,#N/A,6.2
25/03/14,Essential,44,37,9,4,#N/A,#N/A,#N/A,7
23/03/14,Morgan Multi,38,38.5,11,#N/A,#N/A,#N/A,#N/A,12.5
22/03/14,Newspoll,40,36,13,#N/A,#N/A,#N/A,#N/A,11
18/03/14,Essential,43,36,9,#N/A,#N/A,#N/A,#N/A,12
15/03/14,Nielsen,44,35,12,4,#N/A,#N/A,#N/A,6
11/03/14,Essential,42,38,8,4,#N/A,#N/A,#N/A,8
10/03/14,Newspoll,41,35,11,#N/A,#N/A,#N/A,#N/A,13
9/03/14,Morgan Multi,39.5,37,12,4,#N/A,#N/A,#N/A,7.5
4/03/14,Essential,44,38,8,3,#N/A,#N/A,#N/A,7
27/02/14,ReachTEL,40.3,39.2,10.5,4.4,#N/A,#N/A,#N/A,5.6
25/02/14,Essential,42,39,9,4,#N/A,#N/A,#N/A,7
24/02/14,Newspoll,39,39,10,#N/A,#N/A,#N/A,#N/A,12
23/02/14,Morgan Multi,41,35.5,10.5,4.5,#N/A,#N/A,#N/A,8.5
18/02/14,Essential,41,40,8,4,#N/A,#N/A,#N/A,8
15/02/14,Nielsen,44,33,12,#N/A,#N/A,#N/A,#N/A,11
11/02/14,Essential,43,39,8,3,#N/A,#N/A,#N/A,7
10/02/14,Newspoll,41,35,12,#N/A,#N/A,#N/A,#N/A,12
9/02/14,Morgan Multi,40.5,37,10.5,4.5,#N/A,#N/A,#N/A,7.5
4/02/14,Essential,43,38,8,3,#N/A,#N/A,#N/A,7
28/01/14,Essential,42,36,9,#N/A,#N/A,#N/A,#N/A,13
26/01/14,Morgan Multi,39.5,37,11.5,#N/A,#N/A,#N/A,#N/A,12
23/01/14,ReachTEL,39.8,40.6,9.1,4.6,#N/A,#N/A,#N/A,5.9
21/01/14,Essential,43,37,9,#N/A,#N/A,#N/A,#N/A,11
14/01/14,Essential,45,38,8,#N/A,#N/A,#N/A,#N/A,10
12/01/14,Morgan Multi,39,38,10.5,#N/A,#N/A,#N/A,#N/A,12.5
17/12/13,Essential,44,37,7,#N/A,#N/A,#N/A,#N/A,12
15/12/13,ReachTEL,41.4,40.4,8.7,5.1,#N/A,#N/A,#N/A,4.4
15/12/13,Morgan Multi,40.5,38.5,10,#N/A,#N/A,#N/A,#N/A,11
10/12/13,Newspoll,40,38,9,#N/A,#N/A,#N/A,#N/A,13
10/12/13,Essential,44,37,8,#N/A,#N/A,#N/A,#N/A,12
3/12/13,Essential,44,36,8,#N/A,#N/A,#N/A,#N/A,11
1/12/13,Morgan Multi,41.5,38.5,8.5,#N/A,#N/A,#N/A,#N/A,11.5
26/11/13,Essential,44,36,9,#N/A,#N/A,#N/A,#N/A,11
26/11/13,Newspoll,43,35,10,#N/A,#N/A,#N/A,#N/A,12
23/11/13,Nielsen,41,37,11,#N/A,#N/A,#N/A,#N/A,11
21/11/13,ReachTEL,43.8,34.2,9.8,6.6,#N/A,#N/A,#N/A,5.7
19/11/13,Essential,44,35,9,#N/A,#N/A,#N/A,#N/A,11
18/11/13,Morgan Multi,42.5,32.5,11,#N/A,#N/A,#N/A,#N/A,14
12/11/13,Newspoll,45,32,12,#N/A,#N/A,#N/A,#N/A,11
12/11/13,Essential,44,35,9,#N/A,#N/A,#N/A,#N/A,12
5/11/13,Essential,45,36,8,#N/A,#N/A,#N/A,#N/A,11
3/11/13,Morgan Multi,41.5,35,10.5,#N/A,#N/A,#N/A,#N/A,13
29/10/13,Essential,45,35,10,#N/A,#N/A,#N/A,#N/A,11
28/10/13,Newspoll,47,31,10,#N/A,#N/A,#N/A,#N/A,12
22/10/13,Essential,44,34,10,#N/A,#N/A,#N/A,#N/A,11
20/10/13,Morgan Multi,43.5,34.5,10,#N/A,#N/A,#N/A,#N/A,12
15/10/13,Essential,43,35,10,#N/A,#N/A,#N/A,#N/A,12
10/10/13,ReachTEL,45.4,35.3,8.6,5.7,#N/A,#N/A,#N/A,4.9
8/10/13,Essential,43,35,9,#N/A,#N/A,#N/A,#N/A,12
6/10/13,Morgan Multi,42,37,9,#N/A,#N/A,#N/A,#N/A,12
1/10/13,Essential,43,36,9,#N/A,#N/A,#N/A,#N/A,12
24/09/13,Essential,43,37,9,#N/A,#N/A,#N/A,#N/A,11
22/09/13,Morgan Multi,43.5,34,10.5,#N/A,#N/A,#N/A,#N/A,12
16/09/13,Essential,44,36,9,#N/A,#N/A,#N/A,#N/A,11
9/09/13,Essential,45,35,9,#N/A,#N/A,#N/A,#N/A,12
6/09/13,Morgan Multi,44,31.5,10.5,#N/A,#N/A,#N/A,#N/A,14
5/09/13,ReachTEL,43.5,33.7,10.2,7,#N/A,#N/A,#N/A,5.7
5/09/13,Morgan Multi,45,31.5,9.5,#N/A,#N/A,#N/A,#N/A,14
5/09/13,Newspoll,46,33,9,#N/A,#N/A,#N/A,#N/A,12
5/09/13,Nielsen,46,33,11,#N/A,#N/A,#N/A,#N/A,10
5/09/13,Essential Online,43,35,10,#N/A,#N/A,#N/A,#N/A,12
4/09/13,ReachTEL,43.6,32.7,10,6.1,#N/A,#N/A,#N/A,7.6
4/09/13,Galaxy,45,35,9,#N/A,#N/A,#N/A,#N/A,11
3/09/13,ReachTEL,44.2,35.3,9.7,4.4,#N/A,#N/A,#N/A,6.3
2/09/13,Essential,44,35,10,#N/A,#N/A,#N/A,#N/A,11
1/09/13,Morgan Multi,43,34,11,#N/A,#N/A,#N/A,#N/A,12
1/09/13,Newspoll,46,33,10,#N/A,#N/A,#N/A,#N/A,11
1/09/13,Galaxy,46,35,10,#N/A,#N/A,#N/A,#N/A,9
26/08/13,ReachTEL,46.5,35.7,10.1,2.4,#N/A,#N/A,#N/A,5.3
26/08/13,Essential,42,38,11,#N/A,#N/A,#N/A,#N/A,9
25/08/13,Newspoll,47,37,9,#N/A,#N/A,#N/A,#N/A,7
25/08/13,Morgan Multi,45,34.5,11,#N/A,#N/A,#N/A,#N/A,9.5
22/08/13,Nielsen,47,35,10,#N/A,#N/A,#N/A,#N/A,7
19/08/13,Essential,44,40,8,#N/A,#N/A,#N/A,#N/A,8
18/08/13,Newspoll,47,34,9,#N/A,#N/A,#N/A,#N/A,10
18/08/13,Morgan Multi,44.5,36.5,9.5,#N/A,#N/A,#N/A,#N/A,9.5
15/08/13,Galaxy,45,36,10,#N/A,#N/A,#N/A,#N/A,9
13/08/13,Essential,43,39,8,#N/A,#N/A,#N/A,#N/A,10
11/08/13,Newspoll,46,35,11,#N/A,#N/A,#N/A,#N/A,8
11/08/13,Morgan Multi,44,36.5,10.5,#N/A,#N/A,#N/A,#N/A,9
10/08/13,ReachTEL,46.9,36.9,8.9,1.7,#N/A,#N/A,#N/A,5.7
9/08/13,Galaxy,45,38,10,#N/A,#N/A,#N/A,#N/A,7
8/08/13,Nielsen,46,37,10,#N/A,#N/A,#N/A,#N/A,8
5/08/13,Essential,43,38,9,#N/A,#N/A,#N/A,#N/A,10
4/08/13,ReachTEL,45.7,37.5,8.2,1.8,#N/A,#N/A,#N/A,6.8
4/08/13,Morgan Multi,43,38,9.5,#N/A,#N/A,#N/A,#N/A,9.5
4/08/13,Newspoll,44,37,9,#N/A,#N/A,#N/A,#N/A,10
29/07/13,Morgan Multi,41.5,38.5,10.5,#N/A,#N/A,#N/A,#N/A,9.5
29/07/13,Essential,44,39,9,#N/A,#N/A,#N/A,#N/A,8
25/07/13,Galaxy,44,40,9,#N/A,#N/A,#N/A,#N/A,7
23/07/13,Newspoll,45,37,10,#N/A,#N/A,#N/A,#N/A,8
23/07/13,Essential,45,39,7,#N/A,#N/A,#N/A,#N/A,9
23/07/13,Morgan,41,41.5,9,#N/A,#N/A,#N/A,#N/A,8.5
18/07/13,ReachTEL,45.4,39.3,8.3,1.7,#N/A,#N/A,#N/A,5.3
15/07/13,Essential,46,39,7,#N/A,#N/A,#N/A,#N/A,8
15/07/13,Morgan,41,42,7,#N/A,#N/A,#N/A,#N/A,10
13/07/13,Nielsen,44,39,9,#N/A,1,#N/A,#N/A,7
8/07/13,Morgan Multi,39.5,41.5,8.5,#N/A,#N/A,#N/A,#N/A,10.5
8/07/13,Essential,46,38,8,#N/A,#N/A,#N/A,#N/A,7
7/07/13,Newspoll,42,38,9,#N/A,#N/A,#N/A,#N/A,11
1/07/13,Morgan Multi,40.5,39.5,8.5,#N/A,#N/A,#N/A,#N/A,11.5
30/06/13,Newspoll,43,35,11,#N/A,#N/A,#N/A,#N/A,11
28/06/13,Galaxy,44,38,10,#N/A,#N/A,#N/A,#N/A,8
27/06/13,ReachTEL,45.1,38.3,8.7,2,#N/A,#N/A,#N/A,5.8
26/06/13,Morgan SMS,43,38,8.5,#N/A,#N/A,#N/A,#N/A,10.5
23/06/13,Newspoll,48,29,9,#N/A,#N/A,#N/A,#N/A,14
23/06/13,Morgan,47,30.5,9,#N/A,#N/A,#N/A,#N/A,13.5
18/06/13,Essential,47,35,8,#N/A,#N/A,#N/A,#N/A,9
17/06/13,Morgan,44.5,33,9,#N/A,#N/A,#N/A,#N/A,13.5
15/06/13,Nielsen,47,29,11,#N/A,6,#N/A,#N/A,11
13/06/13,Galaxy,47,32,11,#N/A,#N/A,#N/A,#N/A,10
11/06/13,Essential,47,36,8,#N/A,#N/A,#N/A,#N/A,9
10/06/13,Morgan,46,31,9.5,#N/A,#N/A,#N/A,#N/A,13.5
4/06/13,Essential,48,35,8,#N/A,#N/A,#N/A,#N/A,9
3/06/13,Morgan,45.5,31.5,9.5,#N/A,#N/A,#N/A,#N/A,13.5
2/06/13,Newspoll,49,30,9,#N/A,#N/A,#N/A,#N/A,12
27/05/13,Essential,48,34,8,#N/A,#N/A,#N/A,#N/A,10
26/05/13,Morgan,45.5,33.5,9.5,#N/A,#N/A,#N/A,#N/A,11.5
20/05/13,Essential,48,35,8,#N/A,#N/A,#N/A,#N/A,9
19/05/13,Newspoll,46,31,9,#N/A,#N/A,#N/A,#N/A,14
19/05/13,Galaxy,46,34,10,#N/A,#N/A,#N/A,#N/A,10
19/05/13,Morgan,45.5,32,10,#N/A,#N/A,#N/A,#N/A,12.5
18/05/13,Nielsen,44,32,11,#N/A,2,#N/A,#N/A,11
13/05/13,Essential,48,34,9,#N/A,#N/A,#N/A,#N/A,10
12/05/13,Morgan,46.5,32,9.5,#N/A,#N/A,#N/A,#N/A,12
6/05/13,Essential,48,33,9,#N/A,#N/A,#N/A,#N/A,10
5/05/13,Newspoll,47,31,10,#N/A,#N/A,#N/A,#N/A,12
5/05/13,Morgan,46,32,8.5,#N/A,#N/A,#N/A,#N/A,13.5
3/05/13,ReachTEL,48.5,29.3,10.2,#N/A,#N/A,#N/A,#N/A,11.9
29/04/13,Essential,48,34,9,#N/A,#N/A,#N/A,#N/A,9
28/04/13,Morgan,48,30.5,11,#N/A,#N/A,#N/A,#N/A,10.5
22/04/13,Morgan,44,32.5,10.5,#N/A,#N/A,#N/A,#N/A,13
22/04/13,Essential,47,34,9,#N/A,#N/A,#N/A,#N/A,9
21/04/13,Newspoll,46,32,10,#N/A,#N/A,#N/A,#N/A,12
15/04/13,Essential,48,34,9,#N/A,#N/A,#N/A,#N/A,9
14/04/13,Morgan,47.5,32,10.5,#N/A,#N/A,#N/A,#N/A,10
14/04/13,Nielsen,49,29,12,#N/A,1,#N/A,#N/A,10
12/04/13,ReachTEL,49.8,31.3,10.2,#N/A,#N/A,#N/A,#N/A,8.8
11/04/13,Galaxy,47,33,12,#N/A,#N/A,#N/A,#N/A,8
8/04/13,Essential,49,32,9,#N/A,#N/A,#N/A,#N/A,9
7/04/13,Newspoll,48,32,10,#N/A,#N/A,#N/A,#N/A,12
7/04/13,Morgan,46.5,31,10,#N/A,#N/A,#N/A,#N/A,12.5
2/04/13,Essential,49,31,11,#N/A,#N/A,#N/A,#N/A,9
1/04/13,Morgan,49,30,11,#N/A,#N/A,#N/A,#N/A,10
25/03/13,Essential,47,33,11,#N/A,#N/A,#N/A,#N/A,9
24/03/13,Newspoll,50,30,10,#N/A,#N/A,#N/A,#N/A,10
24/03/13,Morgan,46.5,30.5,10.5,#N/A,#N/A,#N/A,#N/A,12.5
23/03/13,Galaxy,47,32,12,#N/A,#N/A,#N/A,#N/A,9
18/03/13,Essential,47,35,9,#N/A,#N/A,#N/A,#N/A,8
17/03/13,Morgan,46,33,10.5,#N/A,#N/A,#N/A,#N/A,10.5
16/03/13,Nielsen,47,31,10,#N/A,2,#N/A,#N/A,10
11/03/13,Essential,48,34,9,#N/A,#N/A,#N/A,#N/A,9
10/03/13,Newspoll,44,34,11,#N/A,#N/A,#N/A,#N/A,11
10/03/13,Morgan,47,31.5,11,#N/A,#N/A,#N/A,#N/A,10.5
7/03/13,Galaxy,48,32,11,#N/A,#N/A,#N/A,#N/A,9
4/03/13,Essential,49,32,10,#N/A,#N/A,#N/A,#N/A,8
3/03/13,Morgan,45,33,10.5,#N/A,#N/A,#N/A,#N/A,11.5
25/02/13,Essential,49,34,9,#N/A,#N/A,#N/A,#N/A,8
24/02/13,Newspoll,47,31,11,#N/A,#N/A,#N/A,#N/A,11
24/02/13,Morgan,44,33.5,10,#N/A,#N/A,#N/A,#N/A,12.5
18/02/13,Essential,47,35,9,#N/A,#N/A,#N/A,#N/A,8
16/02/13,Nielsen,47,30,11,#N/A,2,#N/A,#N/A,10
11/02/13,Essential,48,34,9,#N/A,#N/A,#N/A,#N/A,9
10/02/13,Morgan,45,33.5,9,#N/A,#N/A,#N/A,#N/A,12.5
5/02/13,Essential,48,34,10,#N/A,#N/A,#N/A,#N/A,8
3/02/13,Newspoll,48,32,9,#N/A,#N/A,#N/A,#N/A,11
3/02/13,Morgan,42.5,38.5,8.5,#N/A,#N/A,#N/A,#N/A,10.5
3/02/13,Galaxy,48,35,10,#N/A,#N/A,#N/A,#N/A,7
29/01/13,Essential,48,35,10,#N/A,#N/A,#N/A,#N/A,7
27/01/13,Morgan,39,36,12,#N/A,#N/A,#N/A,#N/A,13
21/01/13,Essential,48,36,9,#N/A,#N/A,#N/A,#N/A,8
14/01/13,Essential,48,36,8,#N/A,#N/A,#N/A,#N/A,8
13/01/13,Newspoll,44,38,9,#N/A,#N/A,#N/A,#N/A,9
13/01/13,Morgan,41.5,36.5,10.5,#N/A,#N/A,#N/A,#N/A,11.5
17/12/12,Essential,48,36,8,#N/A,#N/A,#N/A,#N/A,8
16/12/12,Morgan,37.5,40,12,#N/A,#N/A,#N/A,#N/A,10.5
15/12/12,Nielsen,43,35,10,#N/A,2,#N/A,#N/A,10
10/12/12,Essential,48,36,8,#N/A,#N/A,#N/A,#N/A,8
9/12/12,Newspoll,46,32,11,#N/A,#N/A,#N/A,#N/A,11
3/12/12,Essential,47,37,9,#N/A,#N/A,#N/A,#N/A,7
2/12/12,Morgan,40.5,36,10.5,#N/A,#N/A,#N/A,#N/A,13
30/11/12,Galaxy,48,34,11,#N/A,#N/A,#N/A,#N/A,7
29/11/12,Morgan,44.5,36.5,8.5,#N/A,#N/A,#N/A,#N/A,10.5
26/11/12,Essential,47,36,10,#N/A,#N/A,#N/A,#N/A,8
25/11/12,Newspoll,43,36,11,#N/A,#N/A,#N/A,#N/A,10
19/11/12,Essential,46,36,10,#N/A,#N/A,#N/A,#N/A,9
18/11/12,Morgan,38.5,36.5,11.5,#N/A,#N/A,#N/A,#N/A,13.5
17/11/12,Nielsen,45,34,12,#N/A,2,#N/A,#N/A,8
12/11/12,Essential,45,37,9,#N/A,#N/A,#N/A,#N/A,8
11/11/12,Newspoll,43,36,10,#N/A,#N/A,#N/A,#N/A,11
7/11/12,Essential,46,37,9,#N/A,#N/A,#N/A,#N/A,8
4/11/12,Morgan,43,35.5,10,#N/A,#N/A,#N/A,#N/A,11.5
4/11/12,Galaxy,47,35,11,#N/A,#N/A,#N/A,#N/A,7
29/10/12,Essential,48,36,9,#N/A,#N/A,#N/A,#N/A,7
28/10/12,Newspoll,41,36,10,#N/A,#N/A,#N/A,#N/A,13
22/10/12,Essential,47,36,9,#N/A,#N/A,#N/A,#N/A,7
21/10/12,Morgan,38.5,37.5,12.5,#N/A,#N/A,#N/A,#N/A,11.5
20/10/12,Nielsen,43,34,11,#N/A,2,#N/A,#N/A,10
15/10/12,Essential,47,36,9,#N/A,#N/A,#N/A,#N/A,8
10/10/12,Essential,47,36,9,#N/A,#N/A,#N/A,#N/A,7
8/10/12,Essential,47,37,9,#N/A,#N/A,#N/A,#N/A,7
7/10/12,Newspoll,45,33,10,#N/A,#N/A,#N/A,#N/A,12
7/10/12,Morgan,43,37,10.5,#N/A,#N/A,#N/A,#N/A,9.5
24/09/12,Essential,48,35,9,#N/A,#N/A,#N/A,#N/A,9
23/09/12,Morgan,41.5,37.5,10,#N/A,#N/A,#N/A,#N/A,11
20/09/12,Morgan,47,39.5,8,#N/A,#N/A,#N/A,#N/A,5.5
17/09/12,Essential,48,34,9,#N/A,#N/A,#N/A,#N/A,9
16/09/12,Newspoll,41,36,12,#N/A,#N/A,#N/A,#N/A,11
16/09/12,Morgan,40.5,35,12,#N/A,#N/A,#N/A,#N/A,12.5
15/09/12,Nielsen,45,34,10,#N/A,2,#N/A,#N/A,9
10/09/12,Essential,47,34,9,#N/A,#N/A,#N/A,#N/A,9
3/09/12,Essential,47,34,9,#N/A,#N/A,#N/A,#N/A,9
2/09/12,Newspoll,46,33,8,#N/A,#N/A,#N/A,#N/A,13
2/09/12,Morgan,41.5,34.5,11.5,#N/A,#N/A,#N/A,#N/A,12.5
27/08/12,Essential,49,32,10,#N/A,#N/A,#N/A,#N/A,9
25/08/12,Nielsen,45,32,11,#N/A,2,#N/A,#N/A,11
20/08/12,Essential,49,32,10,#N/A,#N/A,#N/A,#N/A,9
19/08/12,Newspoll,45,35,11,#N/A,#N/A,#N/A,#N/A,9
19/08/12,Morgan,44,34.5,10,#N/A,#N/A,#N/A,#N/A,11.5
13/08/12,Essential,49,32,10,#N/A,#N/A,#N/A,#N/A,8
6/08/12,Essential,49,33,10,#N/A,#N/A,#N/A,#N/A,8
5/08/12,Newspoll,45,33,10,#N/A,#N/A,#N/A,#N/A,12
5/08/12,Morgan,43.5,32,11.5,#N/A,#N/A,#N/A,#N/A,13
30/07/12,Essential,49,33,10,#N/A,#N/A,#N/A,#N/A,8
28/07/12,Nielsen,47,30,12,#N/A,2,#N/A,#N/A,9
23/07/12,Essential,49,33,10,#N/A,#N/A,#N/A,#N/A,9
22/07/12,Newspoll,46,28,11,#N/A,#N/A,#N/A,#N/A,15
22/07/12,Morgan,43,31.5,12,#N/A,#N/A,#N/A,#N/A,13.5
16/07/12,Essential,49,31,10,#N/A,#N/A,#N/A,#N/A,9
9/07/12,Essential,49,31,11,#N/A,#N/A,#N/A,#N/A,9
8/07/12,Newspoll,48,31,11,#N/A,#N/A,#N/A,#N/A,10
8/07/12,Morgan,43,29.5,14.5,#N/A,#N/A,#N/A,#N/A,13
2/07/12,Essential,48,32,10,#N/A,#N/A,#N/A,#N/A,9
30/06/12,Nielsen,48,28,12,#N/A,2,#N/A,#N/A,9
25/06/12,Essential,49,33,10,#N/A,#N/A,#N/A,#N/A,8
24/06/12,Newspoll,46,30,12,#N/A,#N/A,#N/A,#N/A,12
24/06/12,Morgan,45.5,32.5,10,#N/A,#N/A,#N/A,#N/A,12
18/06/12,Essential,49,33,10,#N/A,#N/A,#N/A,#N/A,8
17/06/12,Galaxy,49,31,12,#N/A,#N/A,#N/A,#N/A,8
12/06/12,Essential,49,32,10,#N/A,#N/A,#N/A,#N/A,9
10/06/12,Newspoll,44,31,14,#N/A,#N/A,#N/A,#N/A,11
10/06/12,Morgan,42.5,33,12.5,#N/A,#N/A,#N/A,#N/A,12
4/06/12,Essential,50,33,10,#N/A,#N/A,#N/A,#N/A,7
3/06/12,Morgan,45,32.5,10.5,#N/A,#N/A,#N/A,#N/A,12
2/06/12,Nielsen,48,26,14,#N/A,2,#N/A,#N/A,10
28/05/12,Essential,50,33,10,#N/A,#N/A,#N/A,#N/A,7
27/05/12,Newspoll,46,32,12,#N/A,#N/A,#N/A,#N/A,10
27/05/12,Morgan,49,27.5,13,#N/A,#N/A,#N/A,#N/A,10.5
21/05/12,Essential,49,33,10,#N/A,#N/A,#N/A,#N/A,8
20/05/12,Morgan,45.5,32,10.5,#N/A,#N/A,#N/A,#N/A,12
14/05/12,Essential,50,30,11,#N/A,#N/A,#N/A,#N/A,9
13/05/12,Newspoll,45,30,12,#N/A,#N/A,#N/A,#N/A,13
13/05/12,Morgan,46,30.5,12,#N/A,#N/A,#N/A,#N/A,11.5
10/05/12,Nielsen,49,28,12,#N/A,3,#N/A,#N/A,9
10/05/12,Morgan,50.5,29,10,#N/A,#N/A,#N/A,#N/A,10.5
7/05/12,Essential,50,29,11,#N/A,#N/A,#N/A,#N/A,9
6/05/12,Morgan,45.5,29.5,12,#N/A,#N/A,#N/A,#N/A,13
30/04/12,Essential,50,31,11,#N/A,#N/A,#N/A,#N/A,9
29/04/12,Newspoll,51,27,11,#N/A,#N/A,#N/A,#N/A,11
29/04/12,Galaxy,49,30,13,#N/A,#N/A,#N/A,#N/A,8
23/04/12,Essential,48,31,11,#N/A,#N/A,#N/A,#N/A,9
22/04/12,Morgan,47.5,30,12,#N/A,#N/A,#N/A,#N/A,10.5
19/04/12,Morgan,47.5,30,11.5,#N/A,#N/A,#N/A,#N/A,11
16/04/12,Essential,48,31,11,#N/A,#N/A,#N/A,#N/A,9
15/04/12,Newspoll,48,29,12,#N/A,#N/A,#N/A,#N/A,11
15/04/12,Morgan,46.5,31,12.5,#N/A,#N/A,#N/A,#N/A,10
10/04/12,Essential,50,31,11,#N/A,#N/A,#N/A,#N/A,9
2/04/12,Essential,48,33,11,#N/A,#N/A,#N/A,#N/A,8
1/04/12,Morgan,44.5,32,13,#N/A,#N/A,#N/A,#N/A,10.5
31/03/12,Nielsen,47,27,13,#N/A,2,#N/A,#N/A,10
26/03/12,Essential,48,34,10,#N/A,#N/A,#N/A,#N/A,9
25/03/12,Newspoll,47,28,11,#N/A,#N/A,#N/A,#N/A,14
25/03/12,Morgan,45,36.5,12.5,#N/A,#N/A,#N/A,#N/A,6
19/03/12,Essential,48,32,11,#N/A,#N/A,#N/A,#N/A,9
18/03/12,Morgan,45.5,37,10.5,#N/A,#N/A,#N/A,#N/A,7
12/03/12,Essential,49,31,10,#N/A,#N/A,#N/A,#N/A,10
11/03/12,Newspoll,43,31,12,#N/A,#N/A,#N/A,#N/A,14
5/03/12,Essential,50,32,10,#N/A,#N/A,#N/A,#N/A,9
4/03/12,Morgan,43.5,39,10,#N/A,#N/A,#N/A,#N/A,7.5
27/02/12,Essential,49,32,11,#N/A,#N/A,#N/A,#N/A,8
26/02/12,Newspoll,45,35,11,#N/A,#N/A,#N/A,#N/A,9
26/02/12,Morgan,42.5,37.5,11,#N/A,#N/A,#N/A,#N/A,9
24/02/12,Galaxy,47,34,12,#N/A,#N/A,#N/A,#N/A,7
23/02/12,Nielsen,44,34,12,#N/A,2,#N/A,#N/A,9
20/02/12,Essential,48,33,11,#N/A,#N/A,#N/A,#N/A,9
19/02/12,Morgan,41.5,37,14.5,#N/A,#N/A,#N/A,#N/A,7
13/02/12,Essential,47,34,10,#N/A,#N/A,#N/A,#N/A,9
12/02/12,Newspoll,46,32,11,#N/A,#N/A,#N/A,#N/A,11
8/02/12,Morgan,46.5,31,12,#N/A,#N/A,#N/A,#N/A,10.5
6/02/12,Essential,47,33,11,#N/A,#N/A,#N/A,#N/A,9
5/02/12,Morgan,45.5,38.5,9.5,#N/A,#N/A,#N/A,#N/A,6.5
2/02/12,Nielsen,45,33,13,#N/A,1,#N/A,#N/A,8
30/01/12,Essential,47,34,10,#N/A,#N/A,#N/A,#N/A,8
29/01/12,Newspoll,45,30,12,#N/A,#N/A,#N/A,#N/A,13
29/01/12,Morgan,41.5,39.5,10,#N/A,#N/A,#N/A,#N/A,9
28/01/12,Galaxy,48,34,12,#N/A,#N/A,#N/A,#N/A,6
23/01/12,Essential,48,35,10,#N/A,#N/A,#N/A,#N/A,7
22/01/12,Morgan,42.5,38.5,12,#N/A,#N/A,#N/A,#N/A,7
18/01/12,Morgan,46.5,35.5,9,#N/A,#N/A,#N/A,#N/A,9
16/01/12,Essential,48,35,9,#N/A,#N/A,#N/A,#N/A,8
8/01/12,Morgan,45,37,10.5,#N/A,#N/A,#N/A,#N/A,7.5
19/12/11,Essential,47,35,9,#N/A,#N/A,#N/A,#N/A,8
18/12/11,Morgan,43,36.5,13,#N/A,#N/A,#N/A,#N/A,7.5
12/12/11,Essential,48,34,10,#N/A,#N/A,#N/A,#N/A,9
10/12/11,Nielsen,49,29,11,#N/A,2,#N/A,#N/A,9
5/12/11,Essential,47,34,10,#N/A,#N/A,#N/A,#N/A,9
4/12/11,Newspoll,44,31,13,#N/A,#N/A,#N/A,#N/A,12
4/12/11,Morgan,46.5,36.5,10,#N/A,#N/A,#N/A,#N/A,7
28/11/11,Essential,48,34,11,#N/A,#N/A,#N/A,#N/A,8
21/11/11,Essential,48,34,10,#N/A,#N/A,#N/A,#N/A,7
20/11/11,Newspoll,48,30,10,#N/A,#N/A,#N/A,#N/A,12
20/11/11,Morgan,45.5,36.5,12,#N/A,#N/A,#N/A,#N/A,6
14/11/11,Essential,47,35,10,#N/A,#N/A,#N/A,#N/A,8
13/11/11,Morgan,47,34.5,11.5,#N/A,#N/A,#N/A,#N/A,7
12/11/11,Nielsen,45,30,14,#N/A,2,#N/A,#N/A,10
7/11/11,Essential,46,35,9,#N/A,#N/A,#N/A,#N/A,9
6/11/11,Newspoll,44,32,12,#N/A,#N/A,#N/A,#N/A,12
3/11/11,Morgan,45,34,12.5,#N/A,#N/A,#N/A,#N/A,8.5
31/10/11,Essential,47,34,10,#N/A,#N/A,#N/A,#N/A,9
30/10/11,Morgan,46.5,34,13.5,#N/A,#N/A,#N/A,#N/A,6
26/10/11,Morgan,47,31,12.5,#N/A,#N/A,#N/A,#N/A,9.5
24/10/11,Essential,48,32,11,#N/A,#N/A,#N/A,#N/A,8
23/10/11,Newspoll,45,29,15,#N/A,#N/A,#N/A,#N/A,11
23/10/11,Morgan,49.5,35,10.5,#N/A,#N/A,#N/A,#N/A,5
17/10/11,Essential,48,33,11,#N/A,#N/A,#N/A,#N/A,8
16/10/11,Morgan,44,36.5,10,#N/A,#N/A,#N/A,#N/A,9.5
16/10/11,Galaxy,51,29,12,#N/A,#N/A,#N/A,#N/A,8
15/10/11,Nielsen,48,30,12,#N/A,1,#N/A,#N/A,9
10/10/11,Essential,48,33,10,#N/A,#N/A,#N/A,#N/A,9
9/10/11,Newspoll,49,29,12,#N/A,#N/A,#N/A,#N/A,10
9/10/11,Morgan,43.5,38.5,11,#N/A,#N/A,#N/A,#N/A,7
3/10/11,Essential,48,33,11,#N/A,#N/A,#N/A,#N/A,9
2/10/11,Morgan,46.5,35.5,10,#N/A,#N/A,#N/A,#N/A,8
26/09/11,Essential,49,32,12,#N/A,#N/A,#N/A,#N/A,8
19/09/11,Essential,49,32,10,#N/A,#N/A,#N/A,#N/A,9
18/09/11,Newspoll,48,26,13,#N/A,#N/A,#N/A,#N/A,13
18/09/11,Morgan,48,32,11,#N/A,#N/A,#N/A,#N/A,9
12/09/11,Essential,49,32,10,#N/A,#N/A,#N/A,#N/A,10
10/09/11,Nielsen,48,27,13,#N/A,2,#N/A,#N/A,10
5/09/11,Essential,49,30,11,#N/A,#N/A,#N/A,#N/A,10
4/09/11,Newspoll,50,27,12,#N/A,#N/A,#N/A,#N/A,11
4/09/11,Morgan,46.5,32.5,12.5,#N/A,#N/A,#N/A,#N/A,8.5
29/08/11,Essential,49,32,10,#N/A,#N/A,#N/A,#N/A,8
22/08/11,Essential,50,32,10,#N/A,#N/A,#N/A,#N/A,8
21/08/11,Newspoll,47,27,14,#N/A,#N/A,#N/A,#N/A,12
21/08/11,Morgan,49.5,32.5,11,#N/A,#N/A,#N/A,#N/A,7
15/08/11,Essential,50,31,10,#N/A,#N/A,#N/A,#N/A,9
13/08/11,Nielsen,48,28,12,#N/A,2,#N/A,#N/A,9
10/08/11,Morgan,49,29.5,12,#N/A,#N/A,#N/A,#N/A,9.5
8/08/11,Essential,50,30,10,#N/A,#N/A,#N/A,#N/A,10
7/08/11,Newspoll,47,29,12,#N/A,#N/A,#N/A,#N/A,12
7/08/11,Morgan,47.5,34.5,12,#N/A,#N/A,#N/A,#N/A,6
1/08/11,Essential,49,31,11,#N/A,#N/A,#N/A,#N/A,9
25/07/11,Essential,48,32,11,#N/A,#N/A,#N/A,#N/A,9
24/07/11,Newspoll,47,29,13,#N/A,#N/A,#N/A,#N/A,11
24/07/11,Morgan,47,34.5,12,#N/A,#N/A,#N/A,#N/A,6.5
18/07/11,Essential,49,31,11,#N/A,#N/A,#N/A,#N/A,9
16/07/11,Nielsen,51,26,11,#N/A,2,#N/A,#N/A,11
14/07/11,Morgan,52.5,27.5,10.5,#N/A,#N/A,#N/A,#N/A,9.5
11/07/11,Essential,50,30,11,#N/A,#N/A,#N/A,#N/A,9
10/07/11,Newspoll,49,27,12,#N/A,#N/A,#N/A,#N/A,12
10/07/11,Morgan,48,33.5,11.5,#N/A,#N/A,#N/A,#N/A,7
4/07/11,Essential,49,32,11,#N/A,#N/A,#N/A,#N/A,9
2/07/11,Morgan,49,31.5,11.5,#N/A,2,#N/A,#N/A,6
27/06/11,Essential,48,32,11,#N/A,#N/A,#N/A,#N/A,9
26/06/11,Newspoll,46,30,11,#N/A,#N/A,#N/A,#N/A,13
20/06/11,Essential,47,32,12,#N/A,#N/A,#N/A,#N/A,9
19/06/11,Morgan,46.5,35,11.5,#N/A,2,#N/A,#N/A,5
16/06/11,Nielsen,49,27,12,#N/A,3,#N/A,#N/A,9
14/06/11,Essential,46,34,12,#N/A,#N/A,#N/A,#N/A,8
12/06/11,Newspoll,46,31,11,#N/A,#N/A,#N/A,#N/A,12
6/06/11,Essential,46,34,12,#N/A,#N/A,#N/A,#N/A,8
5/06/11,Morgan,46.5,33.5,12,#N/A,2.5,#N/A,#N/A,5.5
2/06/11,Morgan,50,30,9.5,#N/A,#N/A,#N/A,#N/A,10.5
30/05/11,Essential,47,34,12,#N/A,#N/A,#N/A,#N/A,8
29/05/11,Newspoll,44,34,14,#N/A,#N/A,#N/A,#N/A,8
29/05/11,Morgan,45.5,36,12,#N/A,#N/A,#N/A,#N/A,6.5
23/05/11,Essential,46,34,12,#N/A,#N/A,#N/A,#N/A,8
16/05/11,Essential,46,36,11,#N/A,#N/A,#N/A,#N/A,7
15/05/11,Newspoll,46,33,10,#N/A,#N/A,#N/A,#N/A,11
15/05/11,Morgan,44.5,36,13,#N/A,2,#N/A,#N/A,4.5
14/05/11,Nielsen,47,31,10,#N/A,2,#N/A,#N/A,11
10/05/11,Nielsen,49,28,12,#N/A,3,#N/A,#N/A,9
9/05/11,Essential,47,35,10,#N/A,#N/A,#N/A,#N/A,8
8/05/11,Morgan,48,34,11,#N/A,1.5,#N/A,#N/A,5.5
4/05/11,Morgan,46,34,11,#N/A,2,#N/A,#N/A,7
2/05/11,Essential,47,35,9,#N/A,#N/A,#N/A,#N/A,9
1/05/11,Newspoll,44,33,12,#N/A,#N/A,#N/A,#N/A,11
1/05/11,Morgan,46,37,10.5,#N/A,2,#N/A,#N/A,4.5
24/04/11,Essential,47,35,10,#N/A,#N/A,#N/A,#N/A,8
18/04/11,Essential,47,35,11,#N/A,#N/A,#N/A,#N/A,8
17/04/11,Morgan,46,35,11.5,#N/A,2,#N/A,#N/A,5.5
16/04/11,Nielsen,47,31,12,#N/A,2,#N/A,#N/A,9
11/04/11,Essential,46,35,11,#N/A,#N/A,#N/A,#N/A,8
4/04/11,Essential,46,36,10,#N/A,#N/A,#N/A,#N/A,8
3/04/11,Newspoll,45,32,12,#N/A,#N/A,#N/A,#N/A,12
3/04/11,Morgan,48,36.5,9.5,#N/A,2,#N/A,#N/A,4
28/03/11,Essential,46,37,10,#N/A,#N/A,#N/A,#N/A,7
27/03/11,Morgan,47,35.5,11.5,#N/A,1.5,#N/A,#N/A,4.5
24/03/11,Morgan,47,34.5,10,#N/A,1,#N/A,#N/A,7.5
21/03/11,Essential,46,36,10,#N/A,#N/A,#N/A,#N/A,8
20/03/11,Newspoll,40,36,12,#N/A,#N/A,#N/A,#N/A,12
20/03/11,Morgan,40,39.5,12.5,#N/A,2,#N/A,#N/A,6
17/03/11,Morgan,42.5,35.5,12,#N/A,1.5,#N/A,#N/A,8.5
14/03/11,Essential,47,35,10,#N/A,#N/A,#N/A,#N/A,8
13/03/11,Morgan,44.5,38,11.5,#N/A,1.5,#N/A,#N/A,4.5
12/03/11,Nielsen,45,33,12,#N/A,2,#N/A,#N/A,8
10/03/11,Morgan,47.5,31.5,10,#N/A,1.5,#N/A,#N/A,8
7/03/11,Essential,47,36,10,#N/A,#N/A,#N/A,#N/A,7
6/03/11,Newspoll,45,30,15,#N/A,#N/A,#N/A,#N/A,10
6/03/11,Morgan,46.5,37,9.5,#N/A,1,#N/A,#N/A,6
28/02/11,Essential,45,37,10,#N/A,#N/A,#N/A,#N/A,7
27/02/11,Morgan,41,41,11.5,#N/A,1,#N/A,#N/A,5.5
23/02/11,Morgan,45.5,36,9.5,#N/A,1.5,#N/A,#N/A,7.5
21/02/11,Essential,43,39,11,#N/A,#N/A,#N/A,#N/A,7
20/02/11,Newspoll,41,36,13,#N/A,#N/A,#N/A,#N/A,10
20/02/11,Morgan,43,39.5,11.5,#N/A,2,#N/A,#N/A,4
14/02/11,Essential,44,40,10,#N/A,#N/A,#N/A,#N/A,6
12/02/11,Nielsen,46,32,12,#N/A,2,#N/A,#N/A,7
7/02/11,Essential,46,38,10,#N/A,#N/A,#N/A,#N/A,7
6/02/11,Newspoll,44,32,14,#N/A,#N/A,#N/A,#N/A,10
6/02/11,Morgan,43,39,12.5,#N/A,1.5,#N/A,#N/A,4
3/02/11,Morgan,42.5,35,12,#N/A,3,#N/A,#N/A,7.5
30/01/11,Essential,45,37,11,#N/A,#N/A,#N/A,#N/A,7
23/01/11,Morgan,41.5,40.5,11.5,#N/A,2,#N/A,#N/A,4.5
23/01/11,Essential,45,37,11,#N/A,#N/A,#N/A,#N/A,7
17/01/11,Essential,46,38,10,#N/A,#N/A,#N/A,#N/A,6
9/01/11,Morgan,44,38.5,13,#N/A,1.5,#N/A,#N/A,3
20/12/10,Essential,46,38,10,#N/A,#N/A,#N/A,#N/A,7
13/12/10,Essential,46,37,10,#N/A,#N/A,#N/A,#N/A,7
12/12/10,Morgan,43,38,13.5,#N/A,1.5,#N/A,#N/A,4
6/12/10,Essential,45,38,11,#N/A,#N/A,#N/A,#N/A,6
5/12/10,Newspoll,41,34,14,#N/A,#N/A,#N/A,#N/A,11
5/12/10,Morgan,40.5,40.5,13.5,#N/A,1.5,#N/A,#N/A,4
29/11/10,Essential,44,38,11,#N/A,#N/A,#N/A,#N/A,7
28/11/10,Morgan,42,40.5,12,#N/A,1.5,#N/A,#N/A,4
22/11/10,Essential,45,38,10,#N/A,#N/A,#N/A,#N/A,8
21/11/10,Newspoll,39,36,14,#N/A,#N/A,#N/A,#N/A,11
20/11/10,Nielsen,43,35,13,#N/A,1,#N/A,#N/A,7
15/11/10,Essential,45,39,10,#N/A,#N/A,#N/A,#N/A,7
14/11/10,Morgan,40,41,12,#N/A,2.5,#N/A,#N/A,4.5
8/11/10,Essential,46,39,8,#N/A,#N/A,#N/A,#N/A,7
7/11/10,Newspoll,43,34,13,#N/A,#N/A,#N/A,#N/A,10
1/11/10,Essential,44,41,8,#N/A,#N/A,#N/A,#N/A,7
31/10/10,Morgan,40.5,43,10.5,#N/A,1.5,#N/A,#N/A,4.5
25/10/10,Essential,44,41,8,#N/A,#N/A,#N/A,#N/A,7
24/10/10,Newspoll,43,33,14,#N/A,#N/A,#N/A,#N/A,10
23/10/10,Nielsen,43,34,14,#N/A,2,#N/A,#N/A,6
18/10/10,Essential,44,40,9,#N/A,#N/A,#N/A,#N/A,7
17/10/10,Morgan,40.5,43,10.5,#N/A,2.5,#N/A,#N/A,3.5
11/10/10,Essential,44,41,8,#N/A,#N/A,#N/A,#N/A,7
10/10/10,Newspoll,42,35,14,#N/A,#N/A,#N/A,#N/A,9
4/10/10,Essential,44,42,8,#N/A,#N/A,#N/A,#N/A,7
3/10/10,Morgan,38.5,44,12,#N/A,2,#N/A,#N/A,3.5
27/09/10,Essential,43,42,9,#N/A,#N/A,#N/A,#N/A,6
20/09/10,Essential,45,40,9,#N/A,#N/A,#N/A,#N/A,6
19/09/10,Morgan,41,40.5,13,#N/A,2,#N/A,#N/A,3.5
16/09/10,Morgan,42.5,35.5,15,#N/A,2.5,#N/A,#N/A,4.5
13/09/10,Essential,44,39,10,#N/A,#N/A,#N/A,#N/A,6
12/09/10,Newspoll,41,34,14,#N/A,#N/A,#N/A,#N/A,11
6/09/10,Essential,43,39,11,#N/A,#N/A,#N/A,#N/A,8
5/09/10,Morgan,39.5,40.5,15,#N/A,2,#N/A,#N/A,3
29/08/10,Essential,44,38,11,#N/A,#N/A,#N/A,#N/A,7
26/08/10,Morgan,40,36,13,#N/A,2,#N/A,#N/A,9
23/08/10,Morgan,44.5,40.5,10,#N/A,2,#N/A,#N/A,3
21/08/10,Morgan,43.6,38,11.8,#N/A,2.3,#N/A,#N/A,4.3
20/08/10,Morgan,42.5,39,11.5,#N/A,1.5,#N/A,#N/A,5.5
20/08/10,Essential,43,38,12,#N/A,#N/A,#N/A,#N/A,7
19/08/10,Newspoll,43.4,36.2,13.9,#N/A,#N/A,#N/A,#N/A,6.5
19/08/10,Nielsen,41.5,39,13,#N/A,1.5,#N/A,#N/A,5
19/08/10,Morgan,42,38,13,#N/A,1.5,#N/A,#N/A,5.5
16/08/10,Essential,44,39,10,#N/A,#N/A,#N/A,#N/A,6
15/08/10,Newspoll,41,38,14,#N/A,#N/A,#N/A,#N/A,7
15/08/10,Morgan,43,40,13.5,#N/A,1.5,#N/A,#N/A,2
14/08/10,Morgan,44,40.5,12.5,#N/A,1,#N/A,#N/A,2
12/08/10,Nielsen,41,40,12,#N/A,1,#N/A,#N/A,5
9/08/10,Essential,42,41,10,#N/A,#N/A,#N/A,#N/A,7
8/08/10,Newspoll,42,38,13,#N/A,#N/A,#N/A,#N/A,7
8/08/10,Morgan,37,43,15.5,#N/A,2,#N/A,#N/A,2.5
5/08/10,Nielsen,44,36,13,#N/A,1,#N/A,#N/A,5
3/08/10,Morgan,45,38,11,#N/A,1,#N/A,#N/A,5
2/08/10,Essential,39,40,13,#N/A,#N/A,#N/A,#N/A,8
1/08/10,Newspoll,44,37,12,#N/A,#N/A,#N/A,#N/A,7
1/08/10,Morgan,41,44,10,#N/A,1,#N/A,#N/A,4
29/07/10,Nielsen,45,36,12,#N/A,1,#N/A,#N/A,5.5
28/07/10,Morgan,42,42,11,#N/A,1.5,#N/A,#N/A,3.5
25/07/10,Newspoll,42,40,12,#N/A,#N/A,#N/A,#N/A,6
25/07/10,Morgan,37,43.5,11.5,#N/A,1.5,#N/A,#N/A,6.5
25/07/10,Essential,39,41,13,#N/A,#N/A,#N/A,#N/A,8
22/07/10,Nielsen,41,42,12,#N/A,1,#N/A,#N/A,4.5
21/07/10,Morgan,38.5,44,11.5,#N/A,2,#N/A,#N/A,4
19/07/10,Essential,39,41,13,#N/A,#N/A,#N/A,#N/A,7
18/07/10,Newspoll,38,42,12,#N/A,#N/A,#N/A,#N/A,8
18/07/10,Morgan,39.5,44.5,10.5,#N/A,1.5,#N/A,#N/A,4
18/07/10,Galaxy,44,38,12,#N/A,#N/A,#N/A,#N/A,6
16/07/10,Galaxy,42,39,13,#N/A,#N/A,#N/A,#N/A,6
11/07/10,Morgan,41,40.5,12,#N/A,1.5,#N/A,#N/A,5
11/07/10,Galaxy,42,39,14,#N/A,#N/A,#N/A,#N/A,5
11/07/10,Essential,38,41,13,#N/A,#N/A,#N/A,#N/A,8
10/07/10,Nielsen,42,39,13,#N/A,1,#N/A,#N/A,3
5/07/10,Essential,39,42,11,#N/A,#N/A,#N/A,#N/A,8
4/07/10,Morgan,38,45.5,10.5,#N/A,1.5,#N/A,#N/A,4.5
29/06/10,Essential,39,42,9,#N/A,#N/A,#N/A,#N/A,10
28/06/10,Morgan,45.5,38.5,9,#N/A,1.5,#N/A,#N/A,5.5
27/06/10,Newspoll,40,42,10,#N/A,#N/A,#N/A,#N/A,8
25/06/10,Nielsen,42,47,8,#N/A,1,#N/A,#N/A,3.5
25/06/10,Galaxy,42,41,12,#N/A,#N/A,#N/A,#N/A,5
24/06/10,Galaxy,42,41,11,#N/A,#N/A,#N/A,#N/A,6
22/06/10,Essential,40,38,11,#N/A,#N/A,#N/A,#N/A,11
20/06/10,Newspoll,40,35,15,#N/A,#N/A,#N/A,#N/A,10
20/06/10,Morgan,41,41,12.5,#N/A,1.5,#N/A,#N/A,4
15/06/10,Essential,41,35,14,#N/A,#N/A,#N/A,#N/A,10
13/06/10,Morgan,41,38,13,#N/A,1.5,#N/A,#N/A,6.5
7/06/10,Essential,40,37,12,#N/A,#N/A,#N/A,#N/A,10
6/06/10,Morgan,41.5,40,11,#N/A,2.5,#N/A,#N/A,2
5/06/10,Nielsen,43,33,15,#N/A,2,#N/A,#N/A,7
31/05/10,Essential,41,39,9,#N/A,#N/A,#N/A,#N/A,10
30/05/10,Newspoll,41,35,16,#N/A,#N/A,#N/A,#N/A,8
30/05/10,Morgan,41,42,8.5,#N/A,1.5,#N/A,#N/A,7
27/05/10,Morgan,43,37.5,11.5,#N/A,1.5,#N/A,#N/A,6.5
24/05/10,Essential,41,40,10,#N/A,#N/A,#N/A,#N/A,9
23/05/10,Morgan,41,42.5,11,#N/A,2,#N/A,#N/A,3.5
17/05/10,Essential,43,38,10,#N/A,#N/A,#N/A,#N/A,9
16/05/10,Newspoll,43,37,12,#N/A,#N/A,#N/A,#N/A,8
16/05/10,Morgan,43,37.5,12,#N/A,1.5,#N/A,#N/A,6
16/05/10,Galaxy,43,37,12,#N/A,#N/A,#N/A,#N/A,8
13/05/10,Morgan,46,36,11.5,#N/A,2,#N/A,#N/A,4.5
10/05/10,Essential,42,37,11,#N/A,#N/A,#N/A,#N/A,10
9/05/10,Morgan,42.5,41,9,#N/A,2.5,#N/A,#N/A,5
8/05/10,Nielsen,42,37,13,#N/A,3,#N/A,#N/A,5
5/05/10,Morgan,44.5,39.5,9,#N/A,1.5,#N/A,#N/A,5.5
3/05/10,Essential,39,40,11,#N/A,#N/A,#N/A,#N/A,10
2/05/10,Newspoll,43,35,10,#N/A,#N/A,#N/A,#N/A,12
25/04/10,Morgan,40.5,44,8,#N/A,2.5,#N/A,#N/A,5
25/04/10,Essential,39,42,9,#N/A,#N/A,#N/A,#N/A,10
19/04/10,Essential,39,42,11,#N/A,#N/A,#N/A,#N/A,9
18/04/10,Newspoll,40,43,10,#N/A,#N/A,#N/A,#N/A,7
18/04/10,Morgan,37.5,43,12,#N/A,2,#N/A,#N/A,5.5
17/04/10,Nielsen,42,39,12,#N/A,1,#N/A,#N/A,4
12/04/10,Essential,40,41,11,#N/A,#N/A,#N/A,#N/A,8
6/04/10,Essential,39,43,10,#N/A,#N/A,#N/A,#N/A,9
4/04/10,Morgan,36.5,48,8.5,#N/A,2.5,#N/A,#N/A,4.5
29/03/10,Essential,39,43,9,#N/A,#N/A,#N/A,#N/A,9
28/03/10,Newspoll,38,43,12,#N/A,#N/A,#N/A,#N/A,7
22/03/10,Galaxy,44,29,14,#N/A,#N/A,#N/A,#N/A,13
22/03/10,Essential,38,45,9,#N/A,#N/A,#N/A,#N/A,9
21/03/10,Morgan,37,44.5,11,#N/A,2,#N/A,#N/A,5.5
15/03/10,Essential,38,45,9,#N/A,#N/A,#N/A,#N/A,8
14/03/10,Newspoll,41,39,11,#N/A,#N/A,#N/A,#N/A,9
9/03/10,Essential,40,43,9,#N/A,#N/A,#N/A,#N/A,9
7/03/10,Morgan,38.5,45,8.5,#N/A,2,#N/A,#N/A,6
6/03/10,Nielsen,42,42,9,#N/A,1,#N/A,#N/A,5
1/03/10,Essential,40,42,9,#N/A,#N/A,#N/A,#N/A,9
28/02/10,Newspoll,41,40,9,#N/A,#N/A,#N/A,#N/A,10
22/02/10,Essential,40,43,8,#N/A,#N/A,#N/A,#N/A,9
21/02/10,Morgan,37.5,45,9,#N/A,2.5,#N/A,#N/A,6
15/02/10,Essential,38,44,10,#N/A,#N/A,#N/A,#N/A,8
14/02/10,Newspoll,40,39,12,#N/A,#N/A,#N/A,#N/A,9
14/02/10,Morgan,37,47,9,#N/A,2,#N/A,#N/A,5
11/02/10,Morgan,41,42,10.5,#N/A,1,#N/A,#N/A,5.5
8/02/10,Essential,38,44,10,#N/A,#N/A,#N/A,#N/A,8
6/02/10,Nielsen,41,42,10,#N/A,2,#N/A,#N/A,6
1/02/10,Essential,38,45,9,#N/A,#N/A,#N/A,#N/A,8
31/01/10,Newspoll,41,40,12,#N/A,#N/A,#N/A,#N/A,7
31/01/10,Morgan,38,46,8.5,#N/A,1.5,#N/A,#N/A,6
24/01/10,Essential,37,46,8,#N/A,#N/A,#N/A,#N/A,9
18/01/10,Essential,38,45,8,#N/A,#N/A,#N/A,#N/A,9
17/01/10,Newspoll,38,40,12,#N/A,#N/A,#N/A,#N/A,10
17/01/10,Morgan,35.5,47.5,10,#N/A,2,#N/A,#N/A,5
14/01/10,Morgan,39,43,9.5,#N/A,1.5,#N/A,#N/A,7
14/01/10,Galaxy,43,39,15,#N/A,#N/A,#N/A,#N/A,13
3/01/10,Morgan,37,45.5,10,#N/A,2,#N/A,#N/A,5.5
21/12/09,Essential,37,47,8,#N/A,#N/A,#N/A,#N/A,8
14/12/09,Essential,35,46,10,#N/A,#N/A,#N/A,#N/A,9
13/12/09,Morgan,35.5,49,8,#N/A,1.5,#N/A,#N/A,6
9/12/09,Morgan,41.5,42,9.5,#N/A,1.5,#N/A,#N/A,5.5
7/12/09,Essential,34,46,9,#N/A,#N/A,#N/A,#N/A,11
6/12/09,Newspoll,38,43,11,#N/A,#N/A,#N/A,#N/A,8
3/12/09,Morgan,43,41,10.5,#N/A,1.5,#N/A,#N/A,4
29/11/09,Newspoll,35,43,12,#N/A,#N/A,#N/A,#N/A,10
29/11/09,Morgan,35,47,9.5,#N/A,3,#N/A,#N/A,5.5
29/11/09,Essential,35,47,8,#N/A,#N/A,#N/A,#N/A,10
28/11/09,Nielsen,37,42,13,#N/A,2,1,#N/A,6
22/11/09,Morgan,35.5,48,9,#N/A,1.5,#N/A,#N/A,6
16/11/09,Essential,39,45,9,#N/A,#N/A,#N/A,#N/A,7
15/11/09,Newspoll,37,43,11,#N/A,#N/A,#N/A,#N/A,9
15/11/09,Morgan,36.5,45,9,#N/A,3,#N/A,#N/A,6.5
12/11/09,Morgan,41.5,42.5,8,#N/A,1,#N/A,#N/A,7
9/11/09,Essential,35,48,9,#N/A,#N/A,#N/A,#N/A,8
8/11/09,Morgan,38.5,46.5,8,#N/A,2,#N/A,#N/A,5
7/11/09,Nielsen,38,45,9,#N/A,2,1,#N/A,4
2/11/09,Essential,35,49,8,#N/A,#N/A,#N/A,#N/A,8
1/11/09,Newspoll,41,41,10,#N/A,#N/A,#N/A,#N/A,8
1/11/09,Morgan,35,51,9.5,#N/A,2,#N/A,#N/A,5
25/10/09,Morgan,34.5,52,7.5,#N/A,2,#N/A,#N/A,4
19/10/09,Essential,37,49,7,#N/A,#N/A,#N/A,#N/A,7
18/10/09,Newspoll,34,48,10,#N/A,#N/A,#N/A,#N/A,8
12/10/09,Essential,37,47,8,#N/A,#N/A,#N/A,#N/A,8
11/10/09,Newspoll,36,47,10,#N/A,#N/A,#N/A,#N/A,7
11/10/09,Morgan,34.5,49.5,9,#N/A,2.5,#N/A,#N/A,5
10/10/09,Nielsen,37,46,10,#N/A,1,1,#N/A,5
8/10/09,Morgan,37.5,46.5,10.5,#N/A,1,#N/A,#N/A,5
5/10/09,Essential,34,50,8,#N/A,#N/A,#N/A,#N/A,8
1/10/09,Newspoll,35,46,10,#N/A,#N/A,#N/A,#N/A,9
27/09/09,Morgan,35.5,51,7.5,#N/A,2.5,#N/A,#N/A,4
21/09/09,Essential,37,48,8,#N/A,#N/A,#N/A,#N/A,7
20/09/09,Newspoll,38,43,11,#N/A,#N/A,#N/A,#N/A,8
14/09/09,Essential,35,49,8,#N/A,#N/A,#N/A,#N/A,9
13/09/09,Morgan,32.5,51.5,9.5,#N/A,2,#N/A,#N/A,4.5
12/09/09,Nielsen,40,44,8,#N/A,2,1,#N/A,6
7/09/09,Essential,34,51,8,#N/A,#N/A,#N/A,#N/A,8
6/09/09,Newspoll,39,44,10,#N/A,#N/A,#N/A,#N/A,7
30/08/09,Morgan,33.5,50.5,9.5,#N/A,2,#N/A,#N/A,4.5
23/08/09,Newspoll,38,44,9,#N/A,#N/A,#N/A,#N/A,9
17/08/09,Essential,35,47,9,#N/A,#N/A,#N/A,#N/A,9
16/08/09,Morgan,34.5,47.5,9.5,#N/A,2.5,#N/A,#N/A,6
15/08/09,Nielsen,38,46,8,#N/A,2,1,#N/A,5
10/08/09,Essential,34,50,8,#N/A,#N/A,#N/A,#N/A,9
9/08/09,Newspoll,37,45,10,#N/A,#N/A,#N/A,#N/A,8
6/08/09,Morgan,37.5,45.5,11,#N/A,1.5,#N/A,#N/A,4.5
3/08/09,Essential,35,50,7,#N/A,#N/A,#N/A,#N/A,9
2/08/09,Morgan,34,50.5,8.5,#N/A,2,#N/A,#N/A,5
26/07/09,Newspoll,38,46,9,#N/A,#N/A,#N/A,#N/A,7
20/07/09,Essential,39,46,7,#N/A,#N/A,#N/A,#N/A,7
19/07/09,Morgan,37.5,48,8,#N/A,2,#N/A,#N/A,4.5
13/07/09,Essential,37,47,8,#N/A,#N/A,#N/A,#N/A,7
12/07/09,Newspoll,39,43,11,#N/A,#N/A,#N/A,#N/A,7
6/07/09,Essential,35,49,9,#N/A,#N/A,#N/A,#N/A,8
5/07/09,Morgan,35,46.5,11.5,#N/A,2.5,#N/A,#N/A,4.5
2/07/09,Morgan,39.5,46,8,#N/A,1,#N/A,#N/A,6
28/06/09,Newspoll,37,44,10,#N/A,#N/A,#N/A,#N/A,9
28/06/09,Galaxy,38,44,12,#N/A,#N/A,#N/A,#N/A,6
27/06/09,Nielsen,37,46,10,#N/A,2,1,#N/A,4
22/06/09,Essential,37,47,8,#N/A,#N/A,#N/A,#N/A,8
21/06/09,Morgan,41,46,8.5,#N/A,1,#N/A,#N/A,3.5
15/06/09,Essential,38,48,8,#N/A,#N/A,#N/A,#N/A,6
14/06/09,Newspoll,40,41,11,#N/A,#N/A,#N/A,#N/A,8
14/06/09,Morgan,38,48.5,7,#N/A,2.5,#N/A,#N/A,4
11/06/09,Morgan,37,47.5,8.5,#N/A,2.5,#N/A,#N/A,4.5
9/06/09,Essential,39,47,7,#N/A,#N/A,#N/A,#N/A,7
4/06/09,Morgan,39.5,43.5,9,#N/A,2.5,#N/A,#N/A,5.5
1/06/09,Essential,39,45,8,#N/A,#N/A,#N/A,#N/A,8
31/05/09,Newspoll,38,43,10,#N/A,#N/A,#N/A,#N/A,9
31/05/09,Morgan,36,49,8,#N/A,2,#N/A,#N/A,5
31/05/09,Galaxy,40,43,11,#N/A,#N/A,#N/A,#N/A,6
21/05/09,Morgan,40.5,45,7.5,#N/A,1,#N/A,#N/A,6
18/05/09,Essential,32,52,8,#N/A,#N/A,#N/A,#N/A,8
17/05/09,Newspoll,37,46,9,#N/A,#N/A,#N/A,#N/A,8
17/05/09,Morgan,37.5,49.5,8,#N/A,1.5,#N/A,#N/A,3.5
16/05/09,Nielsen,43,44,8,#N/A,1,1,#N/A,3
11/05/09,Essential,33,50,8,#N/A,#N/A,#N/A,#N/A,9
10/05/09,Morgan,34,50,9,#N/A,2.5,#N/A,#N/A,4.5
4/05/09,Essential,37,47,8,#N/A,#N/A,#N/A,#N/A,8
3/05/09,Newspoll,38,42,11,#N/A,#N/A,#N/A,#N/A,9
26/04/09,Morgan,36.5,50,8.5,#N/A,1.5,#N/A,#N/A,3.5
20/04/09,Essential,34,50,7,#N/A,#N/A,#N/A,#N/A,8
19/04/09,Newspoll,37,47,9,#N/A,#N/A,#N/A,#N/A,7
14/04/09,Essential,34,51,8,#N/A,#N/A,#N/A,#N/A,8
12/04/09,Morgan,33.5,51.5,8,#N/A,2,#N/A,#N/A,5
6/04/09,Essential,32,54,9,#N/A,#N/A,#N/A,#N/A,6
5/04/09,Newspoll,36,47,9,#N/A,#N/A,#N/A,#N/A,8
29/03/09,Morgan,33.5,53,8,#N/A,1.5,#N/A,#N/A,4
27/03/09,Nielsen,37,47,10,#N/A,1,1,#N/A,4
22/03/09,Newspoll,37,45,8,#N/A,#N/A,#N/A,#N/A,10
16/03/09,Essential,35,49,6,#N/A,#N/A,#N/A,#N/A,10
15/03/09,Morgan,39,48.5,6,#N/A,1.5,#N/A,#N/A,5
10/03/09,Essential,35,50,8,#N/A,#N/A,#N/A,#N/A,8
8/03/09,Newspoll,36,44,10,#N/A,#N/A,#N/A,#N/A,10
8/03/09,Morgan,34.5,50.5,8,#N/A,2,#N/A,#N/A,5
2/03/09,Essential,32,52,9,#N/A,#N/A,#N/A,#N/A,7
1/03/09,Morgan,33,51.5,8.5,#N/A,2.5,#N/A,#N/A,4.5
22/02/09,Newspoll,36,47,9,#N/A,#N/A,#N/A,#N/A,8
16/02/09,Essential,34,51,8,#N/A,#N/A,#N/A,#N/A,6
15/02/09,Morgan,36.5,49,7.5,#N/A,1,#N/A,#N/A,6
9/02/09,Essential,34,51,8,#N/A,#N/A,#N/A,#N/A,7
8/02/09,Newspoll,36,48,8,#N/A,#N/A,#N/A,#N/A,8
8/02/09,Morgan,35.5,51.5,8,#N/A,1.5,#N/A,#N/A,3.5
2/02/09,Essential,34,50,8,#N/A,#N/A,#N/A,#N/A,9
1/02/09,Morgan,38,46.5,8,#N/A,2.5,#N/A,#N/A,5
25/01/09,Morgan,36,50.5,7.5,#N/A,1.5,#N/A,#N/A,4.5
19/01/09,Essential,35,50,8,#N/A,#N/A,#N/A,#N/A,8
18/01/09,Newspoll,39,43,10,#N/A,#N/A,#N/A,#N/A,8
12/01/09,Essential,35,49,8,#N/A,#N/A,#N/A,#N/A,7
11/01/09,Morgan,35,51.5,8,#N/A,1.5,#N/A,#N/A,4
21/12/08,Morgan,35.5,52.5,6,#N/A,1.5,#N/A,#N/A,4.5
15/12/08,Essential,36,48,8,#N/A,#N/A,#N/A,#N/A,8
8/12/08,Essential,34,50,7,#N/A,#N/A,#N/A,#N/A,8
7/12/08,Newspoll,35,48,10,#N/A,#N/A,#N/A,#N/A,7
7/12/08,Morgan,34.5,48.5,10.5,#N/A,1.5,#N/A,#N/A,5
1/12/08,Essential,35,48,8,#N/A,#N/A,#N/A,#N/A,9
23/11/08,Newspoll,38,42,11,#N/A,#N/A,#N/A,#N/A,9
23/11/08,Morgan,35.5,50.5,7.5,#N/A,2,#N/A,#N/A,4.5
16/11/08,Galaxy,40,43,11,#N/A,#N/A,#N/A,#N/A,6
15/11/08,Nielsen,39,45,10,#N/A,1,1,#N/A,4
10/11/08,Essential,35,49,8,#N/A,#N/A,#N/A,#N/A,8
9/11/08,Newspoll,38,44,9,#N/A,#N/A,#N/A,#N/A,9
9/11/08,Morgan,36,49,8.5,#N/A,2,#N/A,#N/A,4.5
3/11/08,Essential,33,51,8,#N/A,#N/A,#N/A,#N/A,8
26/10/08,Newspoll,39,44,9,#N/A,#N/A,#N/A,#N/A,8
26/10/08,Morgan,37.5,46.5,8.5,#N/A,2,#N/A,#N/A,5.5
20/10/08,Essential,34,47,10,#N/A,#N/A,#N/A,#N/A,8
18/10/08,Nielsen,39,46,9,#N/A,1,1,#N/A,5
16/10/08,Morgan,38,48,8,#N/A,1.5,#N/A,#N/A,4.5
13/10/08,Essential,37,44,11,#N/A,#N/A,#N/A,#N/A,8
12/10/08,Newspoll,38,41,13,#N/A,#N/A,#N/A,#N/A,8
12/10/08,Morgan,36,46,9.5,#N/A,2.5,#N/A,#N/A,6
9/10/08,Morgan,36,46.5,9.5,#N/A,3,#N/A,#N/A,5
7/10/08,Essential,36,47,9,#N/A,#N/A,#N/A,#N/A,8
28/09/08,Morgan,36.5,46.5,10,#N/A,1.5,#N/A,#N/A,5.5
25/09/08,Morgan,38.5,46.5,8,#N/A,2.5,#N/A,#N/A,4.5
25/09/08,Galaxy,44,41,9,#N/A,#N/A,#N/A,#N/A,6
22/09/08,Essential,32,39,9,#N/A,#N/A,#N/A,#N/A,8
21/09/08,Newspoll,38,42,10,#N/A,#N/A,#N/A,#N/A,10
20/09/08,Nielsen,42,41,9,#N/A,2,1,#N/A,4
15/09/08,Essential,33,45,10,#N/A,#N/A,#N/A,#N/A,11
14/09/08,Morgan,38,45,8,#N/A,1.5,#N/A,#N/A,7.5
8/09/08,Essential,33,47,9,#N/A,#N/A,#N/A,#N/A,12
7/09/08,Newspoll,37,44,11,#N/A,#N/A,#N/A,#N/A,8
1/09/08,Essential,34,48,7,#N/A,#N/A,#N/A,#N/A,11
31/08/08,Morgan,37,50,6.5,#N/A,2,#N/A,#N/A,4.5
24/08/08,Newspoll,38,45,8,#N/A,#N/A,#N/A,#N/A,9
17/08/08,Morgan,37.5,47,8.5,#N/A,2,#N/A,#N/A,5
16/08/08,Nielsen,39,43,9,#N/A,2,1,#N/A,6
10/08/08,Newspoll,38,47,9,#N/A,#N/A,#N/A,#N/A,6
3/08/08,Morgan,39.5,45.5,8,#N/A,1.5,#N/A,#N/A,6
27/07/08,Newspoll,37,47,10,#N/A,#N/A,#N/A,#N/A,6
20/07/08,Morgan,39.5,45.5,7.5,#N/A,2,#N/A,#N/A,5.5
19/07/08,Nielsen,40,43,10,#N/A,2,1,#N/A,4
13/07/08,Newspoll,38,43,11,#N/A,#N/A,#N/A,#N/A,8
13/07/08,Morgan,34.5,48,11.5,#N/A,2.5,#N/A,#N/A,3.5
6/07/08,Morgan,35,48.5,8,#N/A,2.5,#N/A,#N/A,6
29/06/08,Newspoll,39,44,10,#N/A,#N/A,#N/A,#N/A,7
22/06/08,Morgan,34,52,8,#N/A,1.5,#N/A,#N/A,4.5
15/06/08,Newspoll,33,46,12,#N/A,#N/A,#N/A,#N/A,9
14/06/08,Nielsen,38,44,10,#N/A,2,1,#N/A,5
9/06/08,Morgan,38.5,45.5,8.5,#N/A,1.5,#N/A,#N/A,6
8/06/08,Morgan,36,48.5,8.5,#N/A,2,#N/A,#N/A,5
1/06/08,Newspoll,37,46,10,#N/A,#N/A,#N/A,#N/A,7
1/06/08,Morgan,31.5,52.5,9,#N/A,2,#N/A,#N/A,5
25/05/08,Morgan,34,53,5.5,#N/A,2.5,#N/A,#N/A,5
18/05/08,Newspoll,37,47,9,#N/A,#N/A,#N/A,#N/A,7
18/05/08,Morgan,35,51.5,8.5,#N/A,1,#N/A,#N/A,4
17/05/08,Nielsen,38,46,8,#N/A,2,1,#N/A,4
11/05/08,Morgan,37,47,9,#N/A,1,#N/A,#N/A,6
4/05/08,Newspoll,37,47,9,#N/A,#N/A,#N/A,#N/A,7
4/05/08,Morgan,32.5,52.5,8,#N/A,2,#N/A,#N/A,5
27/04/08,Morgan,33.5,54.5,5.5,#N/A,2.5,#N/A,#N/A,4
20/04/08,Newspoll,34,51,9,#N/A,#N/A,#N/A,#N/A,6
17/04/08,Morgan,33,55,6,#N/A,1,#N/A,#N/A,5
13/04/08,Morgan,33.5,54,6.5,#N/A,1,#N/A,#N/A,5
10/04/08,Morgan,32,54,8.5,#N/A,1,#N/A,#N/A,4.5
6/04/08,Newspoll,35,48,10,#N/A,#N/A,#N/A,#N/A,7
6/04/08,Morgan,33.5,53.5,7.5,#N/A,1.5,#N/A,#N/A,4
3/04/08,Morgan,34,51,7.5,#N/A,2,#N/A,#N/A,5.5
23/03/08,Morgan,31,55,7,#N/A,3,#N/A,#N/A,4
16/03/08,Newspoll,35,47,11,#N/A,#N/A,#N/A,#N/A,7
12/03/08,Morgan,34,53.5,5.5,#N/A,1.5,#N/A,#N/A,5.5
9/03/08,Morgan,30.5,55.5,9,#N/A,1.5,#N/A,#N/A,3.5
2/03/08,Newspoll,31,51,10,#N/A,#N/A,#N/A,#N/A,8
24/02/08,Morgan,31.5,56.5,6.5,#N/A,1.5,#N/A,#N/A,4
17/02/08,Newspoll,36,46,10,#N/A,#N/A,#N/A,#N/A,8
10/02/08,Morgan,33,54,7.5,#N/A,1.5,#N/A,#N/A,4
31/01/08,Morgan,34.5,50,8,#N/A,1,#N/A,#N/A,6.5
27/01/08,Morgan,36,49,8.5,#N/A,1.5,#N/A,#N/A,5
24/01/08,Morgan,32,53,10,#N/A,1,#N/A,#N/A,4
20/01/08,Newspoll,35,46,12,#N/A,#N/A,#N/A,#N/A,7
13/01/08,Morgan,33,51.5,8,#N/A,2,#N/A,#N/A,5.5
9/12/07,Morgan,34,49.5,10.5,#N/A,2.5,#N/A,#N/A,3.5
6/12/07,Morgan,36.5,49,7,#N/A,1.5,#N/A,#N/A,6
24/11/07,Morgan,42.1,43.4,7.8,#N/A,2,0.7,#N/A,4.7
23/11/07,Morgan,41.5,43.5,8.5,#N/A,2.5,#N/A,#N/A,4
22/11/07,Newspoll,43,44,7,#N/A,#N/A,#N/A,#N/A,6
22/11/07,Morgan,40.5,44.5,9,#N/A,2.5,1,#N/A,2.5
21/11/07,Nielsen,40,48,8,#N/A,1,1,#N/A,2
18/11/07,Newspoll,41,46,7,#N/A,#N/A,#N/A,#N/A,6
18/11/07,Morgan,39.5,47.5,8,#N/A,0.5,0.5,#N/A,4
17/11/07,Morgan,40,46.5,8,#N/A,0.5,2,0.5,2.5
14/11/07,Nielsen,43,47,7,#N/A,1,1,#N/A,2
11/11/07,Newspoll,40,48,6,#N/A,#N/A,#N/A,#N/A,6
11/11/07,Morgan,39,48,7,#N/A,1,1.5,#N/A,3.5
8/11/07,Morgan,39,44.5,10.5,#N/A,1.5,2,1,1.5
4/11/07,Newspoll,42,47,5,#N/A,#N/A,#N/A,#N/A,6
4/11/07,Morgan,34,54.5,6,#N/A,2,0.5,0.5,2.5
4/11/07,Galaxy,42,45,9,#N/A,#N/A,#N/A,#N/A,4
31/10/07,Nielsen,41,48,6,#N/A,1,1,#N/A,3
28/10/07,Newspoll,42,48,4,#N/A,#N/A,#N/A,#N/A,6
28/10/07,Morgan,39,49,7.5,#N/A,1,1,0.5,2
25/10/07,Morgan,41,44,10.5,#N/A,1,1.5,0.5,1.5
21/10/07,Newspoll,38,51,5,#N/A,#N/A,#N/A,#N/A,6
21/10/07,Morgan,39.5,47,8,#N/A,2,1,1,1.5
18/10/07,Morgan,39.5,45,9,#N/A,1.5,0.5,1,3.5
17/10/07,Nielsen,42,48,6,#N/A,1,1,#N/A,3
17/10/07,Galaxy,43,45,8,#N/A,#N/A,#N/A,#N/A,4
14/10/07,Newspoll,39,48,4,#N/A,#N/A,#N/A,#N/A,9
14/10/07,Morgan,39.5,49.5,7,#N/A,0.5,1,0.5,2
7/10/07,Morgan,38,49.5,6,#N/A,2,1,0.5,3
6/10/07,Nielsen,40,47,8,#N/A,2,1,#N/A,2
30/09/07,Newspoll,39,48,5,#N/A,#N/A,#N/A,#N/A,8
30/09/07,Morgan,35.5,53.5,5.5,#N/A,1.5,1.5,0.5,2
23/09/07,Morgan,36,54,5.5,#N/A,1,0.5,0.5,2.5
23/09/07,Galaxy,40,46,9,#N/A,#N/A,#N/A,#N/A,5
16/09/07,Newspoll,41,47,4,#N/A,#N/A,#N/A,#N/A,8
16/09/07,Morgan,39.5,49.5,6,#N/A,1.5,0.5,1,2
9/09/07,Morgan,36,51,6,#N/A,2,1,0.5,3.5
8/09/07,Nielsen,39,49,7,#N/A,1,#N/A,#N/A,3
2/09/07,Newspoll,37,51,3,#N/A,#N/A,#N/A,#N/A,9
2/09/07,Morgan,34.5,49,9,#N/A,2,2,0.5,3
26/08/07,Morgan,41,46,6.5,#N/A,1.5,1,1,3
26/08/07,Galaxy,39,47,9,#N/A,#N/A,#N/A,#N/A,5
19/08/07,Newspoll,39,46,5,#N/A,#N/A,#N/A,#N/A,10
12/08/07,Morgan,36.5,49.5,7,#N/A,2,1.5,1,2.5
11/08/07,Nielsen,41,46,7,#N/A,2,1,#N/A,4
5/08/07,Newspoll,39,48,4,#N/A,#N/A,#N/A,#N/A,9
29/07/07,Morgan,40.5,47,6.5,#N/A,1.5,1,0.5,3
29/07/07,Galaxy,41,46,9,#N/A,#N/A,#N/A,#N/A,4
22/07/07,Newspoll,40,47,4,#N/A,#N/A,#N/A,#N/A,9
15/07/07,Morgan,40.5,47.5,5.5,#N/A,2,1.5,#N/A,3
14/07/07,Nielsen,39,49,7,#N/A,1,1,#N/A,4
8/07/07,Newspoll,39,48,4,#N/A,#N/A,#N/A,#N/A,9
1/07/07,Morgan,36,50.5,7,#N/A,1.5,0.5,1,3.5
1/07/07,Galaxy,41,46,9,#N/A,#N/A,#N/A,#N/A,4
17/06/07,Newspoll,39,46,5,#N/A,#N/A,#N/A,#N/A,10
17/06/07,Morgan,37,48,6.5,#N/A,2,1.5,1,4
16/06/07,Nielsen,39,48,8,#N/A,1,1,#N/A,3
3/06/07,Morgan,38,51,5.5,#N/A,1.5,0.5,1,2.5
3/06/07,Galaxy,42,44,10,#N/A,#N/A,#N/A,#N/A,4
27/05/07,Newspoll,35,52,3,#N/A,#N/A,#N/A,#N/A,10
27/05/07,Morgan,37.5,49,6,#N/A,2,1,1.5,3
24/05/07,Newspoll,39,47,5,#N/A,#N/A,#N/A,#N/A,9
20/05/07,Newspoll,39,49,3,#N/A,#N/A,#N/A,#N/A,9
20/05/07,Morgan,35.5,51,8,#N/A,1.5,1,1,2
19/05/07,Nielsen,39,48,7,#N/A,1,1,#N/A,3
13/05/07,Newspoll,36,50,4,#N/A,#N/A,#N/A,#N/A,10
13/05/07,Morgan,36,51,8,#N/A,1.5,1,0.5,2
13/05/07,Galaxy,39,49,9,#N/A,#N/A,#N/A,#N/A,3
6/05/07,Morgan,35.5,51.5,7,#N/A,1.5,1,0.5,3
29/04/07,Newspoll,37,48,5,#N/A,#N/A,#N/A,#N/A,10
29/04/07,Morgan,34.5,52.5,6.5,#N/A,1.5,1.5,0.5,3
22/04/07,Galaxy,37,49,9,#N/A,#N/A,#N/A,#N/A,5
21/04/07,Nielsen,37,50,7,#N/A,1,1,#N/A,4
15/04/07,Newspoll,35,50,6,#N/A,#N/A,#N/A,#N/A,9
15/04/07,Morgan,35.5,50,7.5,#N/A,1.5,1,0.5,4
1/04/07,Newspoll,38,49,4,#N/A,#N/A,#N/A,#N/A,9
1/04/07,Morgan,34.5,49.5,9,#N/A,1.5,1.5,0.5,3.5
18/03/07,Newspoll,34,52,5,#N/A,#N/A,#N/A,#N/A,9
18/03/07,Morgan,36,48.5,8,#N/A,2.5,1,1,3
11/03/07,Morgan,34,51.5,7.5,#N/A,2,1.5,1,2.5
10/03/07,Nielsen,35,50,9,#N/A,1,2,#N/A,4
4/03/07,Newspoll,37,47,5,#N/A,#N/A,#N/A,#N/A,11
4/03/07,Morgan,33,51.5,7,#N/A,1.5,2,1,4
25/02/07,Morgan,34,52.5,7.5,#N/A,1.5,0.5,1,3
18/02/07,Newspoll,41,46,5,#N/A,#N/A,#N/A,#N/A,8
18/02/07,Morgan,38,48,7,#N/A,1.5,1.5,0.5,3.5
10/02/07,Nielsen,36,46,11,#N/A,1,1,#N/A,4
4/02/07,Newspoll,38,47,5,#N/A,#N/A,#N/A,#N/A,10
4/02/07,Morgan,37,47,8,#N/A,1.5,2,0.5,4
28/01/07,Morgan,39,43.5,7.5,#N/A,2.5,1.5,1.5,4.5
21/01/07,Newspoll,39,44,7,#N/A,#N/A,#N/A,#N/A,10
14/01/07,Morgan,36.5,47,8,#N/A,2,1.5,1.5,3.5
17/12/06,Morgan,35.5,49,7,#N/A,2,2.5,1,3
10/12/06,Newspoll,39,46,5,#N/A,#N/A,#N/A,#N/A,10
10/12/06,Morgan,34.5,50,7,#N/A,2.5,1.5,1,3.5
3/12/06,Morgan,41.5,41,9,#N/A,1.5,1.5,1,4.5
2/12/06,Nielsen,39,41,12,#N/A,2,1,#N/A,4
26/11/06,Newspoll,41,39,7,#N/A,#N/A,#N/A,#N/A,13
19/11/06,Morgan,40.5,40.5,10,#N/A,2,2.5,1,3.5
12/11/06,Newspoll,41,37,9,#N/A,#N/A,#N/A,#N/A,13
5/11/06,Morgan,41.5,40.5,9,#N/A,2,1.5,1,4.5
4/11/06,Nielsen,40,40,11,#N/A,2,2,#N/A,5
29/10/06,Newspoll,42,41,7,#N/A,#N/A,#N/A,#N/A,10
22/10/06,Morgan,40.5,41.5,8.5,#N/A,2,2,0.5,5
15/10/06,Newspoll,41,41,6,#N/A,#N/A,#N/A,#N/A,12
8/10/06,Morgan,39,42,9.5,#N/A,2,2,1,4.5
7/10/06,Nielsen,39,42,9,#N/A,2,2,#N/A,6
24/09/06,Newspoll,41,42,6,#N/A,#N/A,#N/A,#N/A,11
24/09/06,Morgan,41.5,41.5,8,#N/A,1,2.5,1,4.5
10/09/06,Newspoll,39,41,6,#N/A,#N/A,#N/A,#N/A,14
10/09/06,Morgan,38,43,9,#N/A,2,2.5,0.5,5
9/09/06,Nielsen,42,39,10,#N/A,#N/A,2,#N/A,7
27/08/06,Newspoll,44,42,5,#N/A,#N/A,#N/A,#N/A,9
27/08/06,Morgan,39,42.5,8,#N/A,2.5,2.5,0.5,5
13/08/06,Newspoll,44,37,7,#N/A,#N/A,#N/A,#N/A,12
13/08/06,Morgan,40.5,41.5,8.5,#N/A,3,2,1,3.5
12/08/06,Nielsen,42,41,9,#N/A,#N/A,2,1,6
6/08/06,Newspoll,42,41,7,#N/A,#N/A,#N/A,#N/A,10
30/07/06,Newspoll,43,40,5,#N/A,#N/A,#N/A,#N/A,12
30/07/06,Morgan,40,42,8,#N/A,2.5,2,1,4.5
16/07/06,Newspoll,42,42,5,#N/A,#N/A,#N/A,#N/A,11
16/07/06,Morgan,45,36.5,7.5,#N/A,2.5,1.5,1.5,5.5
15/07/06,Nielsen,43,41,10,#N/A,#N/A,2,1,5
9/07/06,Morgan,39,42.5,8.5,#N/A,2.5,2.5,1,4
2/07/06,Newspoll,40,41,5,#N/A,#N/A,#N/A,#N/A,14
25/06/06,Morgan,42,40.5,8.5,#N/A,1.5,1.5,0.5,5.5
18/06/06,Newspoll,44,38,7,#N/A,#N/A,#N/A,#N/A,11
17/06/06,Nielsen,41,36,11,#N/A,#N/A,2,1,9
11/06/06,Morgan,39.5,42,8,#N/A,2.5,2,1.5,4.5
28/05/06,Newspoll,40,39,7,#N/A,#N/A,#N/A,#N/A,14
28/05/06,Morgan,42,41,7.5,#N/A,3,1.5,1,4
20/05/06,Nielsen,41,40,11,#N/A,#N/A,2,1,5
14/05/06,Newspoll,43,39,6,#N/A,#N/A,#N/A,#N/A,12
14/05/06,Morgan,42,40.5,7,#N/A,1.5,2.5,0.5,6
7/05/06,Morgan,39,42,9.5,#N/A,1.5,2.5,1,4.5
30/04/06,Newspoll,42,37,7,#N/A,#N/A,#N/A,#N/A,14
30/04/06,Morgan,40,39,8.5,#N/A,2.5,2.5,1,6.5
23/04/06,Nielsen,43,38,10,#N/A,#N/A,2,1,7
16/04/06,Morgan,38.5,42,9.5,#N/A,2.5,1.5,0.5,5.5
9/04/06,Newspoll,41,39,7,#N/A,#N/A,#N/A,#N/A,13
2/04/06,Morgan,39,43.5,8,#N/A,2,1.5,1,5
26/03/06,Nielsen,43,37,8,#N/A,#N/A,2,1,8
26/03/06,Newspoll,41,42,4,#N/A,#N/A,#N/A,#N/A,13
19/03/06,Morgan,44,38.5,8.5,#N/A,2.5,1.5,1,4
12/03/06,Newspoll,45,35,6,#N/A,#N/A,#N/A,#N/A,14
5/03/06,Morgan,43,39.5,8,#N/A,2,1.5,1,5
26/02/06,Nielsen,42,40,10,#N/A,#N/A,2,1,7
26/02/06,Newspoll,41,39,7,#N/A,#N/A,#N/A,#N/A,13
19/02/06,Morgan,40,40.5,8,#N/A,2,2.5,1,6
12/02/06,Newspoll,41,39,5,#N/A,#N/A,#N/A,#N/A,15
5/02/06,Morgan,40.5,42,8,#N/A,2,1.5,1,5
29/01/06,Nielsen,43,36,11,#N/A,#N/A,2,1,5
29/01/06,Newspoll,44,36,7,#N/A,#N/A,#N/A,#N/A,13
29/01/06,Morgan,42,38,8.5,#N/A,2.5,2,1,6
15/01/06,Newspoll,45,37,7,#N/A,#N/A,#N/A,#N/A,11
15/01/06,Morgan,39,43,8,#N/A,3,2,1,4
18/12/05,Newspoll,41,39,7,#N/A,#N/A,#N/A,#N/A,13
18/12/05,Nielsen,39,39,10,#N/A,#N/A,3,2,7
18/12/05,Morgan,39.5,39.5,10.5,#N/A,3,1.5,1.5,4.5
11/12/05,Morgan,38.5,42,10,#N/A,2.5,2,1,4
4/12/05,Newspoll,38,42,6,#N/A,#N/A,#N/A,#N/A,14
27/11/05,Morgan,35.5,45.5,9,#N/A,2,2,1.5,4.5
20/11/05,Newspoll,39,42,7,#N/A,#N/A,#N/A,#N/A,12
20/11/05,Nielsen,37,43,10,#N/A,#N/A,2,1,8
12/11/05,Morgan,43.5,38,9,#N/A,2,1.5,#N/A,6
6/11/05,Newspoll,41,39,8,#N/A,#N/A,#N/A,#N/A,12
6/11/05,Morgan,38.5,43,9.5,#N/A,2,1.5,1,4.5
30/10/05,Morgan,39,41,9.5,#N/A,2,2.5,1,5
23/10/05,Newspoll,37,40,9,#N/A,#N/A,#N/A,#N/A,14
23/10/05,Nielsen,43,36,10,#N/A,#N/A,3,1,6
16/10/05,Morgan,39.5,41.5,9,#N/A,2,2,1.5,4.5
9/10/05,Newspoll,43,37,7,#N/A,#N/A,#N/A,#N/A,13
2/10/05,Morgan,42,38.5,9,#N/A,2,2.5,1.5,4.5
25/09/05,Nielsen,43,35,10,#N/A,#N/A,3,1,9
25/09/05,Newspoll,44,34,8,#N/A,#N/A,#N/A,#N/A,14
18/09/05,Morgan,44,34.5,10,#N/A,2,2.5,1.5,5.5
11/09/05,Newspoll,41,39,7,#N/A,#N/A,#N/A,#N/A,13
11/09/05,Morgan,39.5,41.5,7,#N/A,3,1.5,0.5,7
4/09/05,Morgan,44,37,8.5,#N/A,3,1.5,1,5
28/08/05,Nielsen,44,36,10,#N/A,#N/A,3,1,6
28/08/05,Newspoll,42,40,6,#N/A,#N/A,#N/A,#N/A,12
21/08/05,Morgan,39,41.5,8,#N/A,3,2,1.5,5
14/08/05,Newspoll,45,37,7,#N/A,#N/A,#N/A,#N/A,11
7/08/05,Morgan,41.5,42,7.5,#N/A,2,2,1,4
31/07/05,Nielsen,43,38,11,#N/A,#N/A,3,1,5
31/07/05,Newspoll,42,41,7,#N/A,#N/A,#N/A,#N/A,10
24/07/05,Morgan,41.5,38.5,8,#N/A,1.5,2.5,2,6
17/07/05,Newspoll,45,39,5,#N/A,#N/A,#N/A,#N/A,11
10/07/05,Morgan,42.5,40.5,7.5,#N/A,2.5,1.5,1,4.5
3/07/05,Newspoll,44,39,6,#N/A,#N/A,#N/A,#N/A,11
3/07/05,Nielsen,40,41,10,#N/A,#N/A,2,1,5
26/06/05,Morgan,42,39.5,9,#N/A,2.5,2,1,4
19/06/05,Newspoll,44,37,7,#N/A,#N/A,#N/A,#N/A,12
12/06/05,Morgan,43.5,39.5,7.5,#N/A,2,1.5,1.5,4.5
5/06/05,Nielsen,44,38,9,#N/A,#N/A,2,2,6
29/05/05,Newspoll,47,37,5,#N/A,#N/A,#N/A,#N/A,11
29/05/05,Morgan,45,39,7.5,#N/A,1.5,1.5,0.5,5
15/05/05,Newspoll,45,40,6,#N/A,#N/A,#N/A,#N/A,9
15/05/05,Morgan,43,41,8,#N/A,2,1.5,0.5,4
8/05/05,Nielsen,43,39,10,#N/A,#N/A,2,1,6
1/05/05,Newspoll,46,38,6,#N/A,#N/A,#N/A,#N/A,10
24/04/05,Morgan,42,40,8.5,#N/A,1.5,2,1,5
17/04/05,Newspoll,45,39,5,#N/A,#N/A,#N/A,#N/A,11
10/04/05,Nielsen,43,39,10,#N/A,#N/A,2,2,5
10/04/05,Morgan,40.5,43,8,#N/A,2,1.5,1.5,3.5
8/04/05,Morgan,42,42.5,8,#N/A,1.5,1.5,1,3.5
3/04/05,Newspoll,43,41,5,#N/A,#N/A,#N/A,#N/A,11
27/03/05,Morgan,44,39,8,#N/A,2,1.5,1,4.5
20/03/05,Newspoll,47,36,6,#N/A,#N/A,#N/A,#N/A,11
13/03/05,Nielsen,41,39,11,#N/A,#N/A,1,2,6
13/03/05,Morgan,44.5,37,10,#N/A,2.5,1,1,4
6/03/05,Newspoll,45,37,5,#N/A,#N/A,#N/A,#N/A,13
6/03/05,Morgan,44.5,43,7,#N/A,2.5,1.5,1,0.5
27/02/05,Morgan,46,38.5,7.5,#N/A,1,2,0.5,4.5
20/02/05,Newspoll,47,38,6,#N/A,#N/A,#N/A,#N/A,9
13/02/05,Nielsen,47,36,9,#N/A,#N/A,1,1,5
13/02/05,Morgan,45,37.5,9,#N/A,2,2,1,3.5
6/02/05,Newspoll,48,37,6,#N/A,#N/A,#N/A,#N/A,9
30/01/05,Morgan,45,38,8,#N/A,2,2,1.5,3.5
23/01/05,Newspoll,46,37,7,#N/A,#N/A,#N/A,#N/A,10
22/01/05,Nielsen,52,34,8,#N/A,#N/A,2,1,4
16/01/05,Morgan,47,37,7.5,#N/A,2,1.5,1,4
19/12/04,Newspoll,46,39,6,#N/A,#N/A,#N/A,#N/A,9
19/12/04,Morgan,45.5,36.5,9.5,#N/A,2,1.5,1.5,3.5
5/12/04,Newspoll,47,33,8,#N/A,#N/A,#N/A,#N/A,12
5/12/04,Morgan,46.5,36,9,#N/A,2.5,1.5,1,3.5
21/11/04,Newspoll,46,38,6,#N/A,#N/A,#N/A,#N/A,10
21/11/04,Morgan,44,39,8.5,#N/A,1.5,2,1,4
7/11/04,Morgan,44.5,39.5,8.5,#N/A,2,2,1,2.5
17/10/04,Morgan,46.5,37.5,7.5,#N/A,#N/A,1.5,1.5,5.5
9/10/04,Morgan,46.4,37.6,7.2,#N/A,2,1.2,1.2,4.4
8/10/04,Morgan,50.5,38.5,9.5,#N/A,#N/A,1,1,4.5
7/10/04,Nielsen,49,37,7,#N/A,#N/A,1,1,5
7/10/04,Newspoll,45,39,7,#N/A,#N/A,1,1,7
3/10/04,Newspoll,46,39,7,#N/A,#N/A,1,#N/A,7
3/10/04,Morgan,45.5,40.5,9,#N/A,#N/A,2,1,6
2/10/04,Nielsen,48,39,8,#N/A,#N/A,1,1,4
26/09/04,Newspoll,43,40,7,#N/A,#N/A,1,#N/A,9
26/09/04,Morgan,48,40,9,#N/A,#N/A,1,1,5
23/09/04,Nielsen,50,36,8,#N/A,#N/A,1,1,4
19/09/04,Newspoll,43,41,7,#N/A,#N/A,1,#N/A,8
19/09/04,Morgan,45,41,7.5,#N/A,#N/A,2,1,6
16/09/04,Nielsen,48,40,8,#N/A,#N/A,1,1,3
12/09/04,Newspoll,46,40,6,#N/A,#N/A,1,#N/A,7
12/09/04,Morgan,42,43.5,8,#N/A,#N/A,2,1,5.5
5/09/04,Nielsen,46,40,9,#N/A,#N/A,2,1,3
5/09/04,Newspoll,45,40,8,#N/A,#N/A,1,#N/A,6
5/09/04,Morgan,41.5,43,10.5,#N/A,#N/A,2,0.5,5.5
29/08/04,Newspoll,43,40,6,#N/A,#N/A,1,#N/A,10
22/08/04,Morgan,41.5,43.5,9,#N/A,#N/A,2,1.5,5
15/08/04,Nielsen,42,39,9,#N/A,#N/A,2,3,4
15/08/04,Newspoll,39,42,6,#N/A,#N/A,1,1,11
8/08/04,Morgan,41.5,43,8,#N/A,#N/A,2.5,1,5.5
1/08/04,Newspoll,45,40,6,#N/A,#N/A,1,#N/A,8
25/07/04,Morgan,44,42,7.5,#N/A,#N/A,2.5,1,5.5
18/07/04,Nielsen,44,40,9,#N/A,#N/A,2,1,4
18/07/04,Newspoll,43,40,7,#N/A,#N/A,1,#N/A,9
11/07/04,Morgan,44,46,8,#N/A,#N/A,2,0.5,2
4/07/04,Newspoll,43,41,6,#N/A,#N/A,1,#N/A,9
4/07/04,Morgan,45,43.5,7,#N/A,#N/A,2,0.5,4.5
27/06/04,Morgan,44.5,45.5,6.5,#N/A,#N/A,2,1,4
20/06/04,Newspoll,43,43,5,#N/A,#N/A,1,1,7
19/06/04,Nielsen,43,42,8,#N/A,#N/A,2,1,3
13/06/04,Morgan,45,43.5,7,#N/A,#N/A,1.5,1,4.5
30/05/04,Newspoll,47,37,6,#N/A,#N/A,1,1,8
30/05/04,Morgan,42.5,45.5,7,#N/A,#N/A,3,1,3.5
23/05/04,Nielsen,39,43,10,#N/A,#N/A,2,1,4
16/05/04,Newspoll,41,44,5,#N/A,#N/A,1,#N/A,9
16/05/04,Morgan,44.5,41,8,#N/A,#N/A,2.5,2,4
2/05/04,Newspoll,42,42,5,#N/A,#N/A,2,1,8
25/04/04,Nielsen,42,42,8,#N/A,#N/A,2,2,4
18/04/04,Newspoll,43,42,6,#N/A,#N/A,1,1,7
18/04/04,Morgan,42.5,45,7.5,#N/A,#N/A,2,1.5,3
4/04/04,Newspoll,40,44,5,#N/A,#N/A,2,#N/A,9
4/04/04,Morgan,43,43.5,9.5,#N/A,#N/A,2,1.5,4
2/04/04,Morgan,44.5,44,7,#N/A,#N/A,2,1,4
28/03/04,Nielsen,41,43,8,#N/A,#N/A,2,1,5
21/03/04,Newspoll,41,46,6,#N/A,#N/A,1,#N/A,6
21/03/04,Morgan,41.5,45.5,7,#N/A,#N/A,2,1,5
7/03/04,Newspoll,41,44,5,#N/A,#N/A,1,#N/A,9
7/03/04,Morgan,42,46,7.5,#N/A,#N/A,2.5,1.5,3.5
29/02/04,Nielsen,39,43,9,#N/A,#N/A,3,2,4
22/02/04,Newspoll,44,41,5,#N/A,#N/A,1,1,8
22/02/04,Morgan,43.5,45.5,6.5,#N/A,#N/A,2,1.5,4
8/02/04,Newspoll,41,41,6,#N/A,#N/A,1,1,10
8/02/04,Morgan,41,48,5.5,#N/A,#N/A,2.5,1.5,4.5
25/01/04,Morgan,42,44,8,#N/A,#N/A,2.5,2,4.5
18/01/04,Newspoll,41,39,6,#N/A,#N/A,2,1,11
11/01/04,Morgan,42,45,7.5,#N/A,#N/A,1.5,2,4
21/12/03,Morgan,44.5,42.5,7,#N/A,#N/A,2.5,2.5,3.5
14/12/03,Newspoll,44,41,5,#N/A,#N/A,2,1,7
7/12/03,Nielsen,45,37,7,#N/A,#N/A,3,3,5
7/12/03,Newspoll,45,39,5,#N/A,#N/A,1,2,8
7/12/03,Morgan,44,41,6,#N/A,#N/A,2.5,3,6
30/11/03,Newspoll,44,35,6,#N/A,#N/A,2,2,11
30/11/03,Morgan,43.5,38,9,#N/A,#N/A,3.5,4.5,5
23/11/03,Morgan,44,38,8,#N/A,#N/A,4,3,5
16/11/03,Newspoll,40,36,7,#N/A,#N/A,2,2,13
16/11/03,Morgan,46,35.5,9.5,#N/A,#N/A,3,3,6.5
2/11/03,Newspoll,46,36,6,#N/A,#N/A,2,1,9
2/11/03,Morgan,43,40,9,#N/A,#N/A,4,1.5,4.5
19/10/03,Newspoll,39,37,8,#N/A,#N/A,3,1,12
19/10/03,Morgan,47,38.5,7,#N/A,#N/A,3,2.5,5
5/10/03,Morgan,46,39,7.5,#N/A,#N/A,3.5,2,5
28/09/03,Newspoll,42,38,7,#N/A,#N/A,2,1,10
21/09/03,Nielsen,45,34,8,#N/A,#N/A,3,4,5
21/09/03,Morgan,42.5,39,8.5,#N/A,#N/A,3,3.5,5.5
14/09/03,Newspoll,42,36,6,#N/A,#N/A,3,2,11
7/09/03,Morgan,42,38,9.5,#N/A,#N/A,3.5,3.5,6
31/08/03,Newspoll,43,37,6,#N/A,#N/A,1,2,11
24/08/03,Morgan,42,38.5,8.5,#N/A,#N/A,4.5,2,6
17/08/03,Newspoll,43,36,6,#N/A,#N/A,2,#N/A,13
17/08/03,Morgan,49,36.5,8,#N/A,#N/A,4,0.5,4.5
10/08/03,Morgan,47.5,39,7,#N/A,#N/A,4,1,5
3/08/03,Newspoll,44,36,6,#N/A,#N/A,2,1,11
27/07/03,Morgan,46.5,38.5,9,#N/A,#N/A,2.5,1,5.5
20/07/03,Newspoll,45,35,8,#N/A,#N/A,2,1,9
6/07/03,Newspoll,45,37,6,#N/A,#N/A,2,#N/A,10
29/06/03,Morgan,47.5,37,10,#N/A,#N/A,2.5,0.5,4.5
22/06/03,Newspoll,46,35,7,#N/A,#N/A,2,1,9
15/06/03,Morgan,48,37.5,8.5,#N/A,#N/A,3.5,1,4.5
1/06/03,Newspoll,43,37,7,#N/A,#N/A,2,1,10
1/06/03,Morgan,42.5,42,9.5,#N/A,#N/A,2,1,5.5
18/05/03,Nielsen,45,38,9,#N/A,#N/A,3,1,5
18/05/03,Newspoll,47,37,6,#N/A,#N/A,2,#N/A,8
18/05/03,Morgan,47,39,8,#N/A,#N/A,3,1.5,5
4/05/03,Nielsen,47,35,9,#N/A,#N/A,3,1,4
4/05/03,Newspoll,46,36,8,#N/A,#N/A,1,#N/A,9
20/04/03,Morgan,47.5,35.5,10,#N/A,#N/A,4.5,1.5,4
13/04/03,Newspoll,46,33,8,#N/A,#N/A,2,1,10
13/04/03,Morgan,47,39,10,#N/A,#N/A,3.5,0.5,4
6/04/03,Morgan,43.5,42,9,#N/A,#N/A,3,1.5,4.5
4/04/03,Morgan,46,38,8,#N/A,#N/A,3.5,1.5,5
30/03/03,Newspoll,46,34,9,#N/A,#N/A,2,1,8
23/03/03,Newspoll,45,34,9,#N/A,#N/A,3,#N/A,9
23/03/03,Morgan,48.5,36,9.5,#N/A,#N/A,3,1,4.5
16/03/03,Newspoll,42,37,8,#N/A,#N/A,1,1,11
16/03/03,Morgan,43,39.5,11,#N/A,#N/A,3,1,6
9/03/03,Morgan,41.5,40.5,11,#N/A,#N/A,2.5,1.5,5.5
2/03/03,Newspoll,42,38,8,#N/A,#N/A,2,1,9
23/02/03,Morgan,46,36,10.5,#N/A,#N/A,3.5,1.5,5
16/02/03,Newspoll,42,36,7,#N/A,#N/A,2,#N/A,13
9/02/03,Morgan,45,41,8,#N/A,#N/A,3.5,1.5,4.5
2/02/03,Newspoll,43,37,7,#N/A,#N/A,2,#N/A,11
26/01/03,Morgan,45,40,9,#N/A,#N/A,3,1,4.5
19/01/03,Newspoll,44,36,8,#N/A,#N/A,3,#N/A,9
14/01/03,Nielsen,45,34,9,#N/A,#N/A,4,2,6
12/01/03,Morgan,45.5,40,8.5,#N/A,#N/A,3.5,1.5,4.5
15/12/02,Newspoll,44,37,8,#N/A,#N/A,1,1,9
15/12/02,Morgan,46.5,38.5,9,#N/A,#N/A,2.5,2,5
1/12/02,Newspoll,42,38,6,#N/A,#N/A,2,1,11
17/11/02,Newspoll,45,37,7,#N/A,#N/A,2,1,8
17/11/02,Morgan,48.5,35,9.5,#N/A,#N/A,3,1.5,5.5
3/11/02,Newspoll,46,34,7,#N/A,#N/A,2,#N/A,11
3/11/02,Morgan,49,35,10,#N/A,#N/A,3.5,1.5,4
1/11/02,Morgan,46,40,9,#N/A,#N/A,3,1.5,3.5
20/10/02,Newspoll,47,34,8,#N/A,#N/A,2,#N/A,9
20/10/02,Morgan,45,38.5,10.5,#N/A,#N/A,2.5,1.5,5
6/10/02,Morgan,43.5,39.5,10,#N/A,#N/A,4,1,4
29/09/02,Newspoll,41,39,7,#N/A,#N/A,2,#N/A,11
22/09/02,Morgan,44.5,39,9.5,#N/A,#N/A,3.5,1.5,5
15/09/02,Newspoll,42,36,8,#N/A,#N/A,3,1,10
8/09/02,Morgan,43.5,41,9,#N/A,#N/A,2,2,5.5
1/09/02,Newspoll,41,41,5,#N/A,#N/A,2,1,10
25/08/02,Morgan,42,42,8,#N/A,#N/A,3,1.5,5.5
18/08/02,Newspoll,44,38,4,#N/A,#N/A,4,1,9
11/08/02,Morgan,43.5,41.5,7,#N/A,#N/A,4,2,5
4/08/02,Newspoll,41,37,6,#N/A,#N/A,3,1,12
28/07/02,Morgan,46.5,39.5,6.5,#N/A,#N/A,3.5,2,5.5
21/07/02,Newspoll,41,40,6,#N/A,#N/A,3,1,9
14/07/02,Morgan,42.5,42,6,#N/A,#N/A,5,2,5
7/07/02,Newspoll,43,38,5,#N/A,#N/A,3,1,10
24/06/02,Morgan,45.5,39,7,#N/A,#N/A,6,2.5,2.5
23/06/02,Newspoll,43,38,4,#N/A,#N/A,5,1,9
16/06/02,Morgan,45.5,40,6.5,#N/A,#N/A,5,2,4
2/06/02,Newspoll,40,37,6,#N/A,#N/A,4,1,12
2/06/02,Morgan,42,41.5,7,#N/A,#N/A,6,2,4.5
19/05/02,Newspoll,41,40,4,#N/A,#N/A,4,1,10
19/05/02,Morgan,41,41,6.5,#N/A,#N/A,7,2.5,4.5
5/05/02,Newspoll,42,38,4,#N/A,#N/A,4,1,11
5/05/02,Morgan,42,40.5,6.5,#N/A,#N/A,5.5,3,5
21/04/02,Newspoll,41,41,4,#N/A,#N/A,3,1,10
21/04/02,Morgan,45,39.5,6.5,#N/A,#N/A,5,2,4.5
7/04/02,Newspoll,41,40,4,#N/A,#N/A,4,1,10
7/04/02,Morgan,43.5,41.5,6.5,#N/A,#N/A,4.5,2,4.5
24/03/02,Newspoll,44,37,6,#N/A,#N/A,4,1,8
24/03/02,Morgan,41.5,41,7,#N/A,#N/A,5,2.5,5
10/03/02,Newspoll,43,37,4,#N/A,#N/A,4,1,11
10/03/02,Morgan,45.5,40,6.5,#N/A,#N/A,4,2,5
24/02/02,Newspoll,42,40,5,#N/A,#N/A,3,1,9
24/02/02,Morgan,44.5,38.5,6,#N/A,#N/A,4.5,2.5,5.5
10/02/02,Newspoll,46,35,6,#N/A,#N/A,4,1,8
10/02/02,Morgan,47.5,36.5,7,#N/A,#N/A,6,2,4
27/01/02,Morgan,43,39.5,6,#N/A,#N/A,7.5,2.5,4
20/01/02,Newspoll,45,34,4,#N/A,#N/A,5,2,10
13/01/02,Morgan,46,39.5,6.5,#N/A,#N/A,5.5,2,3
16/12/01,Newspoll,44,35,6,#N/A,#N/A,4,2,9
25/11/01,Newspoll,45,33,7,#N/A,#N/A,5,3,7
10/11/01,Morgan,43,37.8,5,#N/A,#N/A,5.4,4.3,4.5
8/11/01,Nielsen,46,38,5,#N/A,#N/A,6,3,3
8/11/01,Newspoll,46,38.5,4,#N/A,#N/A,5.5,3,3
4/11/01,Newspoll,45,39.5,2.5,#N/A,#N/A,6,3,4
4/11/01,Morgan,42.5,43.5,4.5,#N/A,#N/A,6.5,2.5,4.5
28/10/01,Nielsen,46,38,3,#N/A,#N/A,7,3,4
28/10/01,Newspoll,48,37,4,#N/A,#N/A,6,2,3
28/10/01,Morgan,43.5,42,4.5,#N/A,#N/A,6,4,3
21/10/01,Nielsen,45,39,3,#N/A,#N/A,6,2,4
21/10/01,Newspoll,47,39,3,#N/A,#N/A,5,3,3
21/10/01,Morgan,43.5,41,3.5,#N/A,#N/A,7,3,4
14/10/01,Newspoll,51,38,3,#N/A,#N/A,4,2,2
14/10/01,Morgan,49.5,35,4.5,#N/A,#N/A,7,2.5,3.5
10/10/01,Nielsen,49,34,3,#N/A,#N/A,6,3,4
7/10/01,Newspoll,50,35,3,#N/A,#N/A,6,3,3
7/10/01,Morgan,45.5,39.5,4,#N/A,#N/A,5.5,4,4
23/09/01,Nielsen,49,33,3,#N/A,#N/A,6,4,6
23/09/01,Newspoll,50,35,3,#N/A,#N/A,5,3,4
23/09/01,Morgan,43.5,41.5,4.5,#N/A,#N/A,5.5,3.5,3.5
16/09/01,Morgan,42.5,41,4.5,#N/A,#N/A,6,4,3.5
9/09/01,Newspoll,44,40,3,#N/A,#N/A,5,4,4
9/09/01,Morgan,38.5,40.5,7,#N/A,#N/A,7,3.5,5.5
2/09/01,Nielsen,40,40,4,#N/A,#N/A,7,5,5
2/09/01,Morgan,42,39,5.5,#N/A,#N/A,6.5,4,5.5
2/09/01,Newspoll,45,39,3,#N/A,#N/A,6,4,3
26/08/01,Newspoll,40,40,5,#N/A,#N/A,6,5,4
26/08/01,Morgan,37.5,43.5,5,#N/A,#N/A,7.5,4.5,5
12/08/01,Nielsen,38,40,4,#N/A,#N/A,7,5,7
12/08/01,Newspoll,40,42,4,#N/A,#N/A,7,3,4
12/08/01,Morgan,38,41,5,#N/A,#N/A,8.5,5.5,5
29/07/01,Newspoll,43,39,3,#N/A,#N/A,8,4,3
29/07/01,Morgan,37.5,42,4,#N/A,#N/A,9,5,4.5
15/07/01,Newspoll,38,41,5,#N/A,#N/A,7,4,5
15/07/01,Morgan,37,43,4.5,#N/A,#N/A,7.5,5,5
1/07/01,Newspoll,39,45,3,#N/A,#N/A,6,4,3
1/07/01,Morgan,39.5,44.5,4.5,#N/A,#N/A,6.5,4.5,4
17/06/01,Newspoll,43,40,3,#N/A,#N/A,7,4,3
17/06/01,Morgan,37.5,44.5,5.5,#N/A,#N/A,6.5,4,5
3/06/01,Newspoll,37,44,2,#N/A,#N/A,9,4,4
3/06/01,Morgan,33,45.5,4,#N/A,#N/A,8,6,6
27/05/01,Newspoll,41,40,3,#N/A,#N/A,6,6,4
27/05/01,Nielsen,34,43,4,#N/A,#N/A,8,5,6
27/05/01,Morgan,35.5,44,4.5,#N/A,#N/A,8.5,3.5,6.5
20/05/01,Newspoll,40,41,3,#N/A,#N/A,7,4,5
20/05/01,Morgan,33.5,46.5,4.5,#N/A,#N/A,8,5.5,5
6/05/01,Newspoll,35,45,4,#N/A,#N/A,8,5,3
6/05/01,Nielsen,34,41,4,#N/A,#N/A,9,6,5
22/04/01,Newspoll,38,42,4,#N/A,#N/A,9,3,4
22/04/01,Morgan,34.5,44.5,4,#N/A,#N/A,10,5.5,4
8/04/01,Newspoll,37,42,4,#N/A,#N/A,7,6,4
8/04/01,Nielsen,31,46,4,#N/A,#N/A,7,5,7
8/04/01,Morgan,34,44.5,5,#N/A,#N/A,6.5,7,6
6/04/01,Morgan,34.5,43.5,4.5,#N/A,#N/A,9,6,5.5
25/03/01,Newspoll,37,46,3,#N/A,#N/A,5,5,4
25/03/01,Morgan,34.5,47.5,3.5,#N/A,#N/A,5,7.5,4.5
11/03/01,Newspoll,35,48,3,#N/A,#N/A,4,6,4
11/03/01,Nielsen,32,45,5,#N/A,#N/A,5,7,7
11/03/01,Morgan,32.5,46.5,4.5,#N/A,#N/A,5.5,7,7
25/02/01,Newspoll,37,43,5,#N/A,#N/A,3,7,5
25/02/01,Morgan,33,48.5,4.5,#N/A,#N/A,5,7.5,4.5
11/02/01,Newspoll,39,47,3,#N/A,#N/A,3,3,5
11/02/01,Nielsen,35,43,4,#N/A,#N/A,6,6,6
11/02/01,Morgan,39.5,43.5,3.5,#N/A,#N/A,6,5.5,6
28/01/01,Morgan,43,42.5,5,#N/A,#N/A,5.5,3,4.5
21/01/01,Newspoll,44,42,3,#N/A,#N/A,4,2,5
14/01/01,Morgan,39.5,47.5,3.5,#N/A,#N/A,5.5,3,4.5
17/12/00,Newspoll,42,44,2,#N/A,#N/A,5,2,5
17/12/00,Morgan,40.5,45,3,#N/A,#N/A,4.5,3.5,6.5
3/12/00,Newspoll,43,40,3,#N/A,#N/A,7,2,5
3/12/00,Morgan,41,44,3.5,#N/A,#N/A,6.5,3.5,4.5
24/11/00,Nielsen,38,43,4,#N/A,#N/A,5,3,8
19/11/00,Newspoll,45,40,3,#N/A,#N/A,5,2,5
19/11/00,Morgan,40.5,44.5,3.5,#N/A,#N/A,6.5,3,5.5
5/11/00,Nielsen,39,41,4,#N/A,#N/A,6,4,7
5/11/00,Newspoll,40,45,3,#N/A,#N/A,5,2,5
5/11/00,Morgan,38,45.5,4.5,#N/A,#N/A,5.5,4,5.5
22/10/00,Newspoll,43,42,3,#N/A,#N/A,5,2,5
22/10/00,Morgan,39.5,44.5,3,#N/A,#N/A,6,3,7.5
8/10/00,Newspoll,41,44,3,#N/A,#N/A,6,1,5
8/10/00,Morgan,40.5,46.5,2,#N/A,#N/A,5,3,6.5
24/09/00,Newspoll,44,44,2,#N/A,#N/A,4,2,4
24/09/00,Morgan,42,44,3.5,#N/A,#N/A,6.5,3,4.5
10/09/00,Newspoll,41,46,2,#N/A,#N/A,4,2,5
10/09/00,Morgan,40,46.5,3.5,#N/A,#N/A,4,3.5,6
27/08/00,Newspoll,44,44,2,#N/A,#N/A,4,2,4
27/08/00,Morgan,40,43,3.5,#N/A,#N/A,6,5,5.5
13/08/00,Nielsen,38,42,4,#N/A,#N/A,6,4,6
13/08/00,Newspoll,44,42,3,#N/A,#N/A,5,2,4
13/08/00,Morgan,45,41.5,3.5,#N/A,#N/A,5,3.5,5
30/07/00,Newspoll,44,44,3,#N/A,#N/A,3,1,5
30/07/00,Morgan,42,45,3,#N/A,#N/A,5.5,3.5,5.5
16/07/00,Nielsen,42,41,3,#N/A,#N/A,5,3,6
16/07/00,Newspoll,44,44,3,#N/A,#N/A,3,1,5
16/07/00,Morgan,44.5,43,4.5,#N/A,#N/A,4.5,3,5
9/07/00,Morgan,39.5,45,3.5,#N/A,#N/A,5.5,3.5,6
2/07/00,Newspoll,42,46,2,#N/A,#N/A,5,1,4
2/07/00,Morgan,36.5,45,4,#N/A,#N/A,6,4.5,7.5
18/06/00,Newspoll,39,47,3,#N/A,#N/A,4,2,5
18/06/00,Morgan,37,48.5,3,#N/A,#N/A,5.5,4.5,5
4/06/00,Morgan,37.5,46.5,4,#N/A,#N/A,5.5,4,5.5
28/05/00,Newspoll,40,43,3,#N/A,#N/A,6,1,7
21/05/00,Nielsen,41,43,3,#N/A,#N/A,5,3,5
21/05/00,Morgan,38,45.5,4,#N/A,#N/A,5.5,4.5,5.5
14/05/00,Newspoll,45,43,2,#N/A,#N/A,4,2,4
30/04/00,Newspoll,40,44,3,#N/A,#N/A,6,1,6
23/04/00,Morgan,40,45,3.5,#N/A,#N/A,5,4.5,5.5
16/04/00,Newspoll,44,43,3,#N/A,#N/A,4,2,4
9/04/00,Morgan,39,46,3.5,#N/A,#N/A,6.5,3,5
7/04/00,Morgan,38.5,46,3.5,#N/A,#N/A,6,4.5,5
2/04/00,Newspoll,42,45,2,#N/A,#N/A,5,2,4
26/03/00,Nielsen,40,42,3,#N/A,#N/A,6,3,6
26/03/00,Morgan,41,43,3.5,#N/A,#N/A,5.5,4,6.5
19/03/00,Newspoll,42,43,3,#N/A,#N/A,5,2,5
12/03/00,Morgan,41.5,46,3.5,#N/A,#N/A,5.5,2.5,5.5
5/03/00,Newspoll,47,42,3,#N/A,#N/A,4,1,3
27/02/00,Morgan,43,45,3.5,#N/A,#N/A,5,3,5.5
20/02/00,Newspoll,44,44,2,#N/A,#N/A,4,2,4
20/02/00,Morgan,40,46.5,3,#N/A,#N/A,5,3.5,5.5
13/02/00,Nielsen,38,44,3,#N/A,#N/A,6,2,6
13/02/00,Morgan,39.5,46,3.5,#N/A,#N/A,5.5,3.5,5.5
6/02/00,Newspoll,41,45,2,#N/A,#N/A,5,2,5
30/01/00,Morgan,41.5,47,3,#N/A,#N/A,5.5,3.5,3.5
23/01/00,Newspoll,43,45,2,#N/A,#N/A,4,2,4
16/01/00,Morgan,42,46,3,#N/A,#N/A,5.5,3.5,4
